Frédéric_Chopin/Piano_Sonata_no_2_in_Bflat_minor_Funeral_March_op_35_MOV_3/Sonata_no_2_in_B_flat_minor_Funeral_march_III_Marche_Funebre_Lento_OTRA_-_cut_6_t___150.626187-_-214.690042_t___
Wolfgang_Amadeus_Mozart/Piano_Sonata_no_14_K_457_III_Molto_allegro/Piano_Sonata_no_14_K_457_III_Molto_allegro_-_cut_7_t___182.713328-_-210.798516_t___
Johannes_Brahms/Symphony_no_2_in_D_major_Op_73_III_Allegretto_Grazioso/Symphony_No_2_in_D_Major_Op_73_III_Allegretto_Grazioso_take_1_from_m4a_-_cut_1_t___0.0-_-32.566_t___
Pyotr_Ilyich_Tchaikovsky/Symphony_no_6_in_B_minor_Pathtique_Op_74_IV_Finale_Adagio_lamentoso_Andante/Symphony_No_6_in_B_minor_Op_74_Pathetique_IV_Finale_Adagio_lamentoso_from_m4a_-_cut_15_t___420.516884-_-451.686884_t___
Ludwig_van_Beethoven/Sinfona_n_7_de_Beethoven_Op_92_1_Poco_sostenuto_vivace/L_V_Beethoven_Sinfon_a_No_7_en_La_Mayor_Op_92_Mov_1_Poco_sostenuto_Vivace_-_cut_12_t___299.921604-_-459.723104_t___
Frédéric_Chopin/Mazurkas_Op_17_N_4/Mazurka_in_A_minor__Op__17_no__4__1__-_cut_9_t___241.307083-_--1_t___
Ludwig_van_Beethoven/Mazurkas_Op_63_N_2/Mazurka_in_F_minor__Op__63_no__2__-_cut_3_t___58.193125-_-88.48775_t___
Frédéric_Chopin/Mazurkas_Op_63_N_3/Mazurka_in_C_sharp_minor__Op__63_no__3_EDIT_from_wav_-_cut_5_t___125.229687-_-152.698896_t___
Ludwig_van_Beethoven/Symphony_no_1_in_C_major_Op_21_IV_Adagio_Allegro_molto_e_vivace/Symphony_No_1_in_C_major_Op_21_IV_Adagio_Allegro_molto_e_vivace_1_from_wav_-_cut_1_t___0.0-_-25.681271_t___
Frédéric_Chopin/Waltzes_Op_70_1/Waltz_in_G_flat_major_Op_70_no_1_1_-_cut_3_t___61.172958-_-85.228812_t___
Johannes_Brahms/Symphony_No_1_in_C_minor_Op_68_II_Andante_sostenuto/Symphony_No_1_in_C_Minor_Op_68_II_Andante_sostenuto_from_m4a_-_cut_16_t___447.913375-_-478.064479_t___
Ludwig_van_Beethoven/Beethoven_Symphony_no_1_in_C_major_Op_21_I_Adagio_molto_allegro_con_brio/Symphony_no_1_in_C_Op_21_I_Adagio_molto_Allegro_con_brio_-_cut_18_t___505.520312-_--1_t___
Frédéric_Chopin/Piano_Sonata_no_2_in_Bflat_minor_Funeral_March_op_35_MOV_4/Sonata_no_2_in_B_flat_minor_Funeral_march_IV_Finale_Presto_-_cut_4_t___91.203458-_--1_t___
Frédéric_Chopin/Preludes_Op_28_6/Preludes_Op_28_No_6_Tolling_bells_1_-_cut_3_t___58.859583-_-89.695687_t___
Frédéric_Chopin/Nocturne_in_Csharp_minor_Lento_con_gran_espressione_B_49_Op_posth/Nocturne_in_C_sharp_minor__Lento_con_gran_espressione___B__49__Op__posth____1__from_m4a_-_cut_3_t___58.354396-_-89.979979_t___
Camille_Saint_Saens/Danse_Macabre_Op_40/Danse_macabre_Op_40_-_cut_12_t___330.641049-_-360.129841_t___
Johannes_Brahms/Symphony_no_2_in_D_major_Op_73_IV_Allegro_Con_Spirito/Symphony_No_2_in_D_Major_Op_73_IV_Allegro_Con_Spirito_from_m4a_-_cut_19_t___505.739875-_-536.590062_t___
Frédéric_Chopin/Mazurkas_Op_17_N_4/Mazurka_in_A_minor__Op__17_no__4__1__-_cut_2_t___35.887833-_-61.894187_t___
Johann_Sebastian_Bach/Fugue_in_G_minor_Little_BWV_578/Fugue_in_G_Minor_The_Little_-_cut_1_t___0.0-_-30.854229_t___
Johannes_Brahms/Symphony_No_1_in_C_minor_Op_68_II_Andante_sostenuto/Symphony_No_1_in_C_Minor_Op_68_II_Andante_sostenuto_from_m4a_-_cut_2_t___37.860146-_-68.429208_t___
Frédéric_Chopin/Nocturne_in_Csharp_minor_Lento_con_gran_espressione_B_49_Op_posth/Nocturne_in_C_sharp_minor__Lento_con_gran_espressione___B__49__Op__posth___-_cut_2_t___29.473792-_-61.761146_t___
Frédéric_Chopin/Nocturne_in_Csharp_minor_Lento_con_gran_espressione_B_49_Op_posth/Nocturne_in_C_sharp_minor__Lento_con_gran_espressione___B__49__Op__posth____1__from_m4a_-_cut_7_t___188.471562-_--1_t___
Joaquin_Montanes_Castellano/Agarrate_Saxo/Ag_rrate_Saxo_Joaqu_n_Monta_s_Castellano_Pasodoble_128_kbps_-_cut_1_t___0.0-_-28.353792_t___
Ludwig_van_Beethoven/Symphony_no_2_in_D_Major_Op_36_IV_Allegro_molto/Symphony_no_2_in_D_Major_Op_36_IV_Allegro_molto_from_wav_-_cut_11_t___299.932896-_-324.142708_t___
Ludwig_van_Beethoven/Symphony_no_1_in_C_major_Op_21_IV_Adagio_Allegro_molto_e_vivace/Symphony_no_1_in_C_Op_21_IV_Adagio_Allegro_molto_e_vivace_1_-_cut_10_t___268.993812-_-302.508562_t___
Ludwig_van_Beethoven/Beethoven_Symphony_no_1_in_C_major_Op_21_III_Minuetto_and_trio/Symphony_No_1_in_C_major_Op_21_III_Minuetto_and_trio_from_wav_-_cut_6_t___147.494521-_-185.632042_t___
Ludwig_van_Beethoven/Symphony_no_2_in_D_Major_Op_36_IV_Allegro_molto/Symphony_no_2_in_D_Major_Op_36_IV_Allegro_molto_-_cut_11_t___299.932896-_-324.142708_t___
Frédéric_Chopin/Nocturnes_Op_37_N_1/Nocturne_Op__37_no__1_in_G_minor_EDIT_from_wav_-_cut_8_t___215.825708-_-244.614708_t___
Frédéric_Chopin/Waltzes_Op_69_2/Waltz_in_B_minor_Op_69_no_2_-_cut_7_t___180.693458-_--1_t___
Frédéric_Chopin/Variations_on_La_Ci_Darem_la_Mano_Op_2/X2Download_app_Chopin_Variations_on_L_ci_darem_la_mano_op_2_128_kbps_-_cut_8_t___213.611208-_-237.550979_t___
Frédéric_Chopin/Piano_Sonata_no_2_in_Bflat_minor_Funeral_March_op_35_MOV_2/Sonata_no_2_in_B_flat_minor_Funeral_march_II_Scherzo_1_-_cut_6_t___152.680583-_-182.042208_t___
Frédéric_Chopin/N_3___Etudes_Op_10/Etude_Op__10__no__3_in_E_major____Tristesse__-_cut_2_t___35.329146-_-61.765062_t___
Frédéric_Chopin/Waltzes_Op_69_2/Waltz_in_B_minor_Op_69_no_2_-_cut_5_t___121.453146-_-153.310917_t___
Frédéric_Chopin/N_7___Etudes_Op_25/Etude_Op__25_no__7_in_C_sharp_minor___Cello___1__from_wav_-_cut_9_t___247.516812-_-268.484542_t___
Ludwig_van_Beethoven/March_for_Military_Band_WoO_24/Beethoven_March_for_Military_Band_WoO_24_-_cut_4_t___87.921792-_-115.305958_t___
Ludwig_van_Beethoven/Mazurkas_Op_63_N_2/Mazurkaa_in_F_minor__Op__63_no__2_-_cut_2_t___31.728521-_-63.087062_t___
Johannes_Brahms/Symphony_no_2_in_D_major_Op_73_II_Adagio_non_toppo/Symphony_No_2_in_D_Major_Op_73_II_Adagio_non_toppo_from_m4a_-_cut_2_t___27.805896-_-63.378875_t___
Frédéric_Chopin/Nocturnes_Op_62_N_1/Nocturne_in_B_major__Op__62_no__1_EDIT_from_wav_-_cut_11_t___301.340958-_-329.146042_t___
Ludwig_van_Beethoven/Beethoven_9th_Symphony_Op_125_I_Allegro_Ma_Non_Troppo_un_Poco_Maestoso/IMSLP7_1_-_cut_21_t___601.502875-_-631.218458_t___
Pyotr_Ilyich_Tchaikovsky/Romeo_and_Juliet_OvertureFantasia/Romeo_and_Juliet_Overture_Fantasia_-_cut_6_t___152.366634-_-180.03634_t___
Frédéric_Chopin/Nocturnes_Op_62_N_2/Nocturne_in_E_major__Op__62_no__2_-_cut_3_t___65.166812-_-92.868208_t___
Frédéric_Chopin/Nocturne_in_Csharp_minor_Lento_con_gran_espressione_B_49_Op_posth/Nocturne_in_C_sharp_minor__Lento_con_gran_espressione___B__49__Op__posth____2__from_m4a_-_cut_7_t___181.897979-_-211.317667_t___
Frédéric_Chopin/Preludes_Op_28_6/Preludes_Op_28_No_6_Tolling_bells_1_-_cut_4_t___89.695687-_--1_t___
Johannes_Brahms/Symphony_No_3_in_F_Major_Op_90_I_Allegro_con_brio/Brahms_Symphony_No_3_in_F_major_Op_90_I_Allegro_con_brio_from_wav_-_cut_4_t___90.764271-_-116.015979_t___
Wolfgang_Amadeus_Mozart/Fantasia_in_D_minor_K_397/Fantasia_in_Dm_K_397_-_cut_3_t___60.373458-_-90.233458_t___
Wolfgang_Amadeus_Mozart/Requiem_Mozart_VII_Agnus_Dei_MozartSssmayr/IMSLP581269_PMLP02751_Mozart_Requiem_13_Karajan_1962_from_wav_-_cut_5_t___120.355174-_-153.095174_t___
Frédéric_Chopin/Preludes_Op_20/Preludes_Op_28_No_20_Funeral_march_-_cut_4_t___92.97125-_--1_t___
Frédéric_Chopin/Ballade_no_4_Op_52/Ballade_no__2__Frank_Levy_COMPRIMIDO_from_m4a_-_cut_13_t___361.588354-_-390.907125_t___
Ludwig_van_Beethoven/Mazurkas_Op_63_N_2/Mazurkaa_in_F_minor__Op__63_no__2_from_m4a_-_cut_2_t___29.384854-_-59.6985_t___
Ludwig_van_Beethoven/Sinfona_n_7_de_Beethoven_Op_92_2_Allegretto/L_V_Beethoven_Sinfon_a_No_7_en_La_Mayor_Op_92_Mov_2_Allegretto_-_cut_15_t___423.524187-_-452.955458_t___
Ludwig_van_Beethoven/Symphony_no_1_in_C_major_Op_21_IV_Adagio_Allegro_molto_e_vivace/Symphony_no_1_in_C_Op_21_IV_Adagio_Allegro_molto_e_vivace_1_-_cut_2_t___28.359187-_-65.476292_t___
Frédéric_Chopin/Waltzes_Op_69_1/Waltz_in_A_flat_major_Farewell_Op_69_no_1_-_cut_9_t___238.977771-_-266.516646_t___
Antonin_Dvorak/Dvok_Symphony_no_8_Op_88_I_Allegro_con_brio/Symphony_no_8_Op_88_I_Allegro_con_brio_-_cut_5_t___120.360987-_-151.035004_t___
Wolfgang_Amadeus_Mozart/Fantasia_in_D_minor_K_397/Fantasia_in_Dm_K_397_-_cut_4_t___90.233458-_-121.945312_t___
Victor_Ferrer/Mi_Amargura_Victor_Ferrer/Marcha_MI_AMARGURA_Victor_Ferrer_Castillo_MARCHA_DE_PROCESI_N_para_banda_de_m_sica_128_kbps_-_cut_3_t___60.293375-_-91.323375_t___
Johannes_Brahms/Symphony_No_4_in_E_Minor_Op_98_II_Andante_moderato/Symphony_No_4_in_E_Minor_Op_98_II_Andante_Moderato_from_m4a_-_cut_19_t___574.537354-_-597.327729_t___
Ludwig_van_Beethoven/Symphony_no_1_in_C_major_Op_21_III_Minuetto_and_trio/Symphony_No_1_in_C_major_Op_21_III_Minuetto_and_trio_1_from_wav_-_cut_7_t___185.632042-_-208.492083_t___
Antonin_Dvorak/Dvok_Symphony_no_7_Op_70_I_Allegro_maestoso/Symphony_no_7_Op_70_I_Allegro_maestoso_-_cut_17_t___478.72454-_-507.391498_t___
Ludwig_van_Beethoven/Beethoven_9th_Symphony_Op_125_IV_Presto_Allegro_Assai/Beethoven_Symphony_No_9_in_D_minor_Op_125_IV_Final_from_wav_-_cut_31_t___874.072396-_-904.04375_t___
Ludwig_van_Beethoven/Symphony_no_2_in_D_Major_Op_36_IV_Allegro_molto/Symphony_no_2_in_D_Major_Op_36_IV_Allegro_molto_-_cut_8_t___212.482146-_-241.201792_t___
Wolfgang_Amadeus_Mozart/Rondo_in_A_minor_K_511/Rondo_No_3_in_A_Minor_K_511_-_cut_9_t___242.444072-_-270.86634_t___
Frédéric_Chopin/Impromptu_no_3_in_Gflat_major_Op_51/Impromptu_no__3_in_G_flat_major__Op__51__1__from_m4a_-_cut_2_t___29.617062-_-56.595479_t___
Ludwig_van_Beethoven/Sinfona_n_7_de_Beethoven_Op_92_2_Allegretto/L_V_Beethoven_Sinfon_a_No_7_en_La_Mayor_Op_92_Mov_2_Allegretto_-_cut_3_t___61.056896-_-94.140083_t___
Frédéric_Chopin/Mazurkas_Op_56_N_3/Mazurka_in_C_minor__Op__56_no__3_from_m4a_-_cut_2_t___30.197833-_-60.9875_t___
Frédéric_Chopin/Preludes_Op_20/Preludes_Op_28_No_20_Funeral_march_from_m4a_-_cut_4_t___98.518771-_--1_t___
Johann_Sebastian_Bach/Fugue_in_G_minor_Little_BWV_578/Fugue_in_G_Minor_The_Little_-_cut_3_t___56.280083-_-68.019875_t___
Antonin_Dvorak/Dvok_Serenade_for_Wind_Instruments_Op_44_III_Andante_con_moto/Dvo_k_Serenade_for_Wind_in_D_minor_Op_44_3_Andante_con_moto_-_cut_14_t___395.147102-_-420.75873_t___
Antonin_Dvorak/Dvok_Symphony_no_7_Op_70_I_Allegro_maestoso/Symphony_no_7_Op_70_I_Allegro_maestoso_-_cut_10_t___269.623928-_-298.919682_t___
Antonin_Dvorak/Dvok_Serenade_for_Wind_Instruments_Op_44_III_Andante_con_moto/Dvo_k_Serenade_for_Wind_in_D_minor_Op_44_3_Andante_con_moto_-_cut_3_t___56.196274-_-96.297164_t___
Johannes_Brahms/Symphony_No_3_in_F_Major_Op_90_IV_Allegro/Brahms_Symphony_No_3_in_F_major_Op_90_IV_Allegro_from_wav_-_cut_10_t___266.721146-_-303.676062_t___
Johannes_Brahms/Symphony_No_3_in_F_Major_Op_90_IV_Allegro/Brahms_Symphony_No_3_in_F_major_Op_90_IV_Allegro_from_wav_-_cut_12_t___330.506708-_-366.811104_t___
Frédéric_Chopin/Nocturnes_Op_48_N_2/Nocturne_in_F_sharp_minor__Op__48_no__2_-_cut_6_t___153.170667-_-187.582646_t___
Ludwig_van_Beethoven/Beethoven_9th_Symphony_Op_125_IV_Presto_Allegro_Assai/Beethoven_Symphony_No_9_in_D_minor_Op_125_IV_Final_from_wav_-_cut_45_t___1290.275625-_-1316.163417_t___
Francisco_Tarrega/07_La_cartagenera/07_La_cartagenera_from_m4a_-_cut_5_t___120.839149-_-150.934341_t___
Johannes_Brahms/Symphony_No_3_in_F_Major_Op_90_I_Allegro_con_brio/Brams_Symphony_No_3_in_F_Op_90_I_Allegro_con_brio_from_wav_-_cut_17_t___477.7825-_-510.162729_t___
Johannes_Brahms/Symphony_no_2_in_D_major_Op_73_II_Adagio_non_toppo/Symphony_No_2_in_D_Major_Op_73_II_Adagio_non_toppo_from_m4a_-_cut_4_t___93.262937-_-123.785562_t___
Frédéric_Chopin/N_3___Etudes_Op_10/Etude_Op__10__no__3_in_E_major____Tristesse__-_cut_4_t___94.904667-_-117.721208_t___
Frédéric_Chopin/Nocturne_in_Csharp_minor_Lento_con_gran_espressione_B_49_Op_posth/Nocturne_in_C_sharp_minor__Lento_con_gran_espressione___B__49__Op__posth____1__-_cut_3_t___62.043729-_-95.004437_t___
Frédéric_Chopin/N_7___Etudes_Op_25/Etude_Op__25_no__7_in_C_sharp_minor___Cello___1__from_wav_-_cut_8_t___210.309854-_-247.516812_t___
Frédéric_Chopin/Nocturnes_Op_37_N_1/Nocturne_Op__37_no__1_in_G_minor_-_cut_13_t___363.709021-_--1_t___
Frédéric_Chopin/Impromptu_no_3_in_Gflat_major_Op_51/Impromptu_no__3_in_G_flat_major__Op__51__1__from_m4a_-_cut_9_t___269.559271-_-302.522583_t___
Johannes_Brahms/Symphony_no_2_in_D_major_Op_73_I_Allegro_non_troppo/Symphony_No_2_in_D_Major_Op_73_I_Allegro_non_troppo_from_m4a_-_cut_12_t___325.193083-_-363.183917_t___
Johannes_Brahms/Symphony_No_4_in_E_Minor_Op_98_IV_Allegro_energico_e_passionato/Symphony_No_4_in_E_Minor_Op_98_IV_Allegro_Energico_e_Passionato_-_cut_20_t___573.082146-_-606.370208_t___
Ludwig_van_Beethoven/Sinfona_n_7_de_Beethoven_Op_92_2_Allegretto/L_V_Beethoven_Sinfon_a_No_7_en_La_Mayor_Op_92_Mov_2_Allegretto_-_cut_17_t___480.06475-_--1_t___
Pyotr_Ilyich_Tchaikovsky/Symphony_no_6_in_B_minor_Pathtique_Op_74_I_Adagio_Allegro_non_troppo_Andante/Symphony_No_6_In_B_Minor_Op_74_Pathetique_I_Adagio_Allegro_Non_Troppo_from_m4a_-_cut_14_t___500.926775-_-540.588267_t___
Frédéric_Chopin/Nocturnes_Op_48_N_2/Nocturne_in_F_sharp_minor__Op__48_no__2_from_m4a_-_cut_15_t___429.284292-_-454.570812_t___
Pyotr_Ilyich_Tchaikovsky/Romeo_and_Juliet_OvertureFantasia/Romeo_and_Juliet_Overture_Fantasia_-_cut_12_t___370.600045-_-415.284584_t___
Frédéric_Chopin/Funeral_March_in_C_minor_Op_posth_72_no_2/Funeral_March_in_C_minor__Op__posth__72_no__2_from_m4a_-_cut_2_t___31.692375-_-65.442583_t___
Frédéric_Chopin/Nocturnes_Op_15_N_3/Nocturne_in_G_minor__Op__15_no__3_from_m4a_-_cut_5_t___125.109125-_-151.161896_t___
Frédéric_Chopin/Polonaise_No_2_in_C_Minor_Op_40/Polonaise_in_C_minor_Op_40_no_2_-_cut_9_t___237.480792-_-266.737937_t___
Pyotr_Ilyich_Tchaikovsky/Romeo_and_Juliet_OvertureFantasia/Romeo_and_Juliet_Overture_Fantasia_-_cut_16_t___539.844566-_-600.456557_t___
Ludwig_van_Beethoven/Beethoven_9th_Symphony_Op_125_II_Scherzo_Molto_Vivace_Presto/Beethoven_Symphony_No_9_II_Scherzo_Molto_Vivace_Presto_from_wav_-_cut_6_t___150.237104-_-156.435187_t___
Frédéric_Chopin/Preludes_Op_28_21/Preludes_Op_28_No_21_Sunday_from_m4a_-_cut_1_t___0.0-_-33.378687_t___
Frédéric_Chopin/Piano_Concerto_no_2_in_F_minor_Op_21_Mov_3/Piano_Concerto_no__2_in_F_minor__Op__21___III__Allegro_vivace_from_ogg_-_cut_7_t___184.2035-_-213.961354_t___
Frédéric_Chopin/Ballade_no_4_Op_52/Ballade_no__2__Frank_Levy_COMPRIMIDO_from_m4a_-_cut_17_t___485.973937-_-515.376896_t___
Francisco_Tarrega/07_La_cartagenera/07_La_cartagenera_from_m4a_-_cut_1_t___0.0-_-30.350948_t___
Pyotr_Ilyich_Tchaikovsky/Symphony_no_6_in_B_minor_Pathtique_Op_74_IV_Finale_Adagio_lamentoso_Andante/Symphony_No_6_in_B_minor_Op_74_Pathetique_IV_Finale_Adagio_lamentoso_from_m4a_-_cut_3_t___76.661655-_-93.186897_t___
Pyotr_Ilyich_Tchaikovsky/Romeo_and_Juliet_OvertureFantasia/Romeo_and_Juliet_Overture_Fantasia_-_cut_30_t___1110.322208-_--1_t___
Ludwig_van_Beethoven/Beethoven_Symphony_no_1_in_C_major_Op_21_III_Minuetto_and_trio/Symphony_No_1_in_C_major_Op_21_III_Minuetto_and_trio_from_wav_-_cut_4_t___94.924542-_-122.800104_t___
Johannes_Brahms/Symphony_No_3_in_F_Major_Op_90_I_Allegro_con_brio/Brams_Symphony_No_3_in_F_Op_90_I_Allegro_con_brio_from_wav_-_cut_1_t___0.0-_-25.767708_t___
Wolfgang_Amadeus_Mozart/Requiem_Mozart_VII_Agnus_Dei_MozartSssmayr/IMSLP581269_PMLP02751_Mozart_Requiem_13_Karajan_1962_from_wav_-_cut_3_t___60.369999-_-91.285174_t___
Abel_Moreno/La_Madruga/La_Madruga_Marcha_de_Palio_Seville_Procession_-_cut_11_t___298.465181-_-332.296651_t___
Wolfgang_Amadeus_Mozart/Rondo_in_A_minor_K_511/Rondo_No_3_in_A_Minor_K_511_-_cut_19_t___600.556902-_--1_t___
Frédéric_Chopin/Mazurkas_Op_17_N_4/Mazurka_in_A_minor__Op__17_no__4_EDIT_from_wav_-_cut_1_t___0.0-_-30.418146_t___
Ludwig_van_Beethoven/Beethoven_Symphony_no_1_in_C_major_Op_21_I_Adagio_molto_allegro_con_brio/Symphony_no_1_in_C_Op_21_I_Adagio_molto_Allegro_con_brio_-_cut_9_t___242.375333-_-273.683354_t___
Ludwig_van_Beethoven/Beethoven_Symphony_no_1_in_C_major_Op_21_II_Andante_cantabile_con_moto/Symphony_no_1_in_C_Op_21_II_Andante_cantibile_con_moto_-_cut_2_t___36.778208-_-62.112937_t___
Camille_Saint_Saens/Samson_and_Delilah_Op_47_Danse_Baccanale/Samson_and_Delilah_Op_47_Danse_Baccanale_-_cut_1_t___0.0-_-31.436364_t___
Frédéric_Chopin/Piano_Sonata_no_2_in_Bflat_minor_Funeral_March_op_35_MOV_2/Sonata_no_2_in_B_flat_minor_Funeral_march_II_Scherzo_1_-_cut_13_t___362.339812-_-385.838417_t___
Frédéric_Chopin/Nocturnes_Op_48_N_2/Nocturne_in_F_sharp_minor__Op__48_no__2_from_m4a_-_cut_1_t___0.0-_-35.108583_t___
Ludwig_van_Beethoven/Beethoven_9th_Symphony_Op_125_III_Adagio_Molto_e_Cantabile/Beethoven_Symphony_No_9_in_D_minor_Op_125_III_Adagio_Molto_e_Cantabile_from_wav_-_cut_1_t___0.0-_-33.463896_t___
Camille_Saint_Saens/Danse_Macabre_Op_40/Danse_macabre_Op_40_-_cut_11_t___301.978995-_-330.641049_t___
Wolfgang_Amadeus_Mozart/Piano_Sonata_no_14_K_457_I_Allegro/Piano_Sonata_no_14_K_457_I_Allegro_Second_repeat_omitted_-_cut_7_t___181.023024-_-210.735863_t___
Wolfgang_Amadeus_Mozart/Piano_Sonata_no_7_K_309_1_Allegro/01_Piano_Sonata_no_7_in_C_RECORTADO_-_cut_3_t___60.31725-_-90.27725_t___
Ludwig_van_Beethoven/Sinfona_n_7_de_Beethoven_Op_92_2_Allegretto/L_V_Beethoven_Sinfon_a_No_7_en_La_Mayor_Op_92_Mov_2_Allegretto_-_cut_9_t___239.938208-_-272.416208_t___
Frédéric_Chopin/Waltzes_Op_69_1/Waltz_in_A_flat_major_Farewell_Op_69_no_1_from_m4a_-_cut_4_t___91.300812-_-122.659354_t___
Frédéric_Chopin/Berceuse_Op_57/Berceuse_in_D_flat_major__Op__57___1__-_cut_2_t___32.763354-_-63.553_t___
Johannes_Brahms/Symphony_No_1_in_C_minor_Op_68_II_Andante_sostenuto/Symphony_No_1_in_C_Minor_Op_68_II_Andante_sostenuto_from_m4a_-_cut_12_t___332.041729-_-357.525646_t___
Ludwig_van_Beethoven/Beethoven_9th_Symphony_Op_125_I_Allegro_Ma_Non_Troppo_un_Poco_Maestoso/IMSLP7_1_-_cut_29_t___847.482625-_--1_t___
Francisco_Tarrega/07_La_cartagenera/07_La_cartagenera_from_m4a_-_cut_10_t___270.952609-_--1_t___
Frédéric_Chopin/Nocturnes_Op_15_N_3/Nocturne_in_G_minor__Op__15_no__3_from_m4a_-_cut_4_t___86.238917-_-125.109125_t___
Frédéric_Chopin/Mazurkas_Op_6_N_3/Mazurka_in_E_major__Op__6_no__3_-_cut_2_t___28.615083-_-55.097417_t___
Ludwig_van_Beethoven/Symphony_no_1_in_C_major_Op_21_IV_Adagio_Allegro_molto_e_vivace/Symphony_No_1_in_C_major_Op_21_IV_Adagio_Allegro_molto_e_vivace_1_from_wav_-_cut_11_t___298.849562-_-328.396937_t___
Wolfgang_Amadeus_Mozart/Piano_Sonata_no_3_K_281_3_Rondo_Allegro/Rondeau_Allegro_-_cut_2_t___27.17-_-63.792321_t___
Frédéric_Chopin/Piano_Sonata_no_2_in_Bflat_minor_Funeral_March_op_35_MOV_4/Sonata_no_2_in_B_flat_minor_Funeral_march_IV_Finale_Presto_1_-_cut_4_t___85.212792-_--1_t___
Ludwig_van_Beethoven/March_for_Military_Band_WoO_24/Beethoven_March_for_Military_Band_WoO_24_-_cut_3_t___59.872625-_-87.921792_t___
Frédéric_Chopin/Nocturnes_Op_48_N_2/Nocturne_in_F_sharp_minor__Op__48_no__2_from_m4a_-_cut_10_t___274.439646-_-297.949854_t___
Johannes_Brahms/Symphony_No_1_in_C_minor_Op_68_III_Un_poco_allegretto_e_grazioso/Symphony_No_1_in_C_Minor_Op_68_III_Un_poco_allegretto_e_grazioso_from_m4a_-_cut_9_t___246.789896-_-268.558604_t___
Frédéric_Chopin/Variations_on_La_Ci_Darem_la_Mano_Op_2/X2Download_app_Chopin_Variations_on_L_ci_darem_la_mano_op_2_128_kbps_-_cut_20_t___629.917521-_-664.561687_t___
Johannes_Brahms/Symphony_No_1_in_C_minor_Op_68_II_Andante_sostenuto/Symphony_No_1_in_C_Minor_Op_68_II_Andante_sostenuto_from_m4a_-_cut_14_t___395.014271-_-419.984771_t___
Frédéric_Chopin/Nocturnes_Op_15_N_3/Nocturne_in_G_minor__Op__15_no__3_from_m4a_-_cut_1_t___0.0-_-28.734708_t___
Wolfgang_Amadeus_Mozart/Fantasia_in_D_minor_K_397/Fantasia_in_Dm_K_397_2_-_cut_10_t___271.962771-_-300.512771_t___
Frédéric_Chopin/Piano_Sonata_no_2_in_Bflat_minor_Funeral_March_op_35_MOV_1/Sonata_no__2_in_B_flat_minor__Funeral_march____I__Grave__Doppio_movimento_-_cut_3_t___55.690333-_-91.065937_t___
Ludwig_van_Beethoven/Beethoven_9th_Symphony_Op_125_IV_Presto_Allegro_Assai/Beethoven_Symphony_No_9_in_D_minor_Op_125_IV_Final_from_wav_-_cut_14_t___352.181583-_-389.995292_t___
Frédéric_Chopin/Bolero_Op_19/Bolero__Op__19_from_m4a_-_cut_3_t___63.16275-_-87.149229_t___
Frédéric_Chopin/Nocturnes_Op_62_N_1/Nocturne_in_B_major__Op__62_no__1_EDIT_from_wav_-_cut_5_t___122.821917-_-148.937_t___
Francisco_Tarrega/47_Sueo_Trmolo/47_Sue_o_Tr_molo_from_m4a_-_cut_6_t___151.941107-_-180.583403_t___
Johannes_Brahms/Symphony_No_3_in_F_Major_Op_90_IV_Allegro/Brahms_Symphony_No_3_in_F_major_Op_90_IV_Allegro_from_wav_-_cut_3_t___60.309187-_-85.654792_t___
Pyotr_Ilyich_Tchaikovsky/Symphony_no_6_in_B_minor_Pathtique_Op_74_I_Adagio_Allegro_non_troppo_Andante/Symphony_No_6_In_B_Minor_Op_74_Pathetique_I_Adagio_Allegro_Non_Troppo_from_m4a_-_cut_12_t___421.948426-_-452.968412_t___
Frédéric_Chopin/Mazurkas_Op_17_N_4/Mazurka_in_A_minor__Op__17_no__4_EDIT_from_wav_-_cut_9_t___237.288708-_--1_t___
Johannes_Brahms/Symphony_no_2_in_D_major_Op_73_II_Adagio_non_toppo/Symphony_No_2_in_D_Major_Op_73_II_Adagio_non_toppo_from_m4a_-_cut_12_t___329.601812-_-368.896146_t___
Ludwig_van_Beethoven/Beethoven_9th_Symphony_Op_125_IV_Presto_Allegro_Assai/Beethoven_Symphony_No_9_in_D_minor_Op_125_IV_Final_from_wav_-_cut_12_t___301.004792-_-328.439167_t___
Frédéric_Chopin/Piano_Concerto_no_2_in_F_minor_Op_21_Mov_3/Piano_Concerto_no__2_in_F_minor__Op__21___III__Allegro_vivace_from_ogg_-_cut_6_t___155.110958-_-184.2035_t___
Pyotr_Ilyich_Tchaikovsky/Symphony_no_6_in_B_minor_Pathtique_Op_74_I_Adagio_Allegro_non_troppo_Andante/Symphony_No_6_In_B_Minor_Op_74_Pathetique_I_Adagio_Allegro_Non_Troppo_from_m4a_-_cut_22_t___783.307192-_-813.384435_t___
Ludwig_van_Beethoven/Symphony_no_2_in_D_Major_Op_36_IV_Allegro_molto/Symphony_no_2_in_D_Major_Op_36_IV_Allegro_molto_from_wav_-_cut_1_t___0.0-_-34.620958_t___
Antonin_Dvorak/Dvok_Serenade_for_Wind_Instruments_Op_44_II_Minuetto/Dvo_k_Serenade_for_Wind_in_D_minor_Op_44_2_Minuetto_Tempo_di_minuetto_-_cut_7_t___181.017203-_-209.655493_t___
Frédéric_Chopin/Mazurkas_Op_7_N_1/Mazurka_in_B_flat_major__Op__7_no__1_EDIT_from_wav_-_cut_2_t___30.536687-_-61.80375_t___
Johannes_Brahms/Symphony_No_1_in_C_minor_Op_68_II_Andante_sostenuto/Symphony_No_1_in_C_Minor_Op_68_II_Andante_sostenuto_from_m4a_-_cut_11_t___304.003646-_-332.041729_t___
Pyotr_Ilyich_Tchaikovsky/Romeo_and_Juliet_OvertureFantasia/Romeo_and_Juliet_Overture_Fantasia_-_cut_13_t___415.284584-_-450.834575_t___
Ludwig_van_Beethoven/Beethoven_9th_Symphony_Op_125_I_Allegro_Ma_Non_Troppo_un_Poco_Maestoso/IMSLP484062_PMLP01607_beethoven_9_01_concertgebouw_klemperer_1956_16048_-_cut_2_t___25.251708-_-55.240292_t___
Wolfgang_Amadeus_Mozart/Piano_Sonata_no_3_K_281_3_Rondo_Allegro/KV_281_Movement_03_Rondo_Allegro_-_cut_4_t___91.759691-_-120.159691_t___
Johannes_Brahms/Symphony_no_2_in_D_major_Op_73_I_Allegro_non_troppo/Symphony_No_2_in_D_Major_Op_73_I_Allegro_non_troppo_from_m4a_-_cut_34_t___992.801687-_--1_t___
Frédéric_Chopin/Waltzes_Op_70_2/Waltz_in_F_minor_Op_70_no_2_1_-_cut_1_t___0.0-_-31.718458_t___
Frédéric_Chopin/Mazurkas_Op_63_N_1/Mazurka_in_B_major__Op__63_no__1_-_cut_1_t___0.0-_-33.695104_t___
Johannes_Brahms/Symphony_No_3_in_F_Major_Op_90_II_Andante/Symphony_No_3_in_F_Major_Op_90_II_Andante_from_m4a_-_cut_3_t___57.655167-_-89.025333_t___
Frédéric_Chopin/Mazurkas_Op_63_N_1/Mazurka_in_B_major__Op__63_no__1_EDIT_from_wav_-_cut_1_t___0.0-_-35.659083_t___
Antonin_Dvorak/Dvok_Serenade_for_Wind_Instruments_Op_44_III_Andante_con_moto/Dvo_k_Serenade_for_Wind_in_D_minor_Op_44_3_Andante_con_moto_-_cut_10_t___270.323448-_-310.44757_t___
Frédéric_Chopin/Piano_Sonata_no_2_in_Bflat_minor_Funeral_March_op_35_MOV_3/Sonata_no_2_in_B_flat_minor_Funeral_march_III_Marche_Funebre_Lento_-_cut_9_t___244.935687-_-272.892521_t___
Frédéric_Chopin/N_1___3_Notturni_op_9/Nocturne_in_B_flat_minor__Op__9_no__1_-_cut_9_t___241.105562-_-272.591833_t___
Frédéric_Chopin/Mazurkas_Op_56_N_2/Mazurka_in_C_major__Op__56_no__2_from_m4a_-_cut_1_t___0.0-_-32.423354_t___
Johannes_Brahms/Symphony_No_3_in_F_Major_Op_90_I_Allegro_con_brio/Brams_Symphony_No_3_in_F_Op_90_I_Allegro_con_brio_from_wav_-_cut_20_t___570.615875-_-595.670187_t___
Frédéric_Chopin/Nocturnes_Op_37_N_1/Nocturne_Op__37_no__1_in_G_minor_-_cut_7_t___184.011896-_-212.154479_t___
Wolfgang_Amadeus_Mozart/Requiem_Mozart_VIII_Communio_Lux_aeterna_MozartSssmayr/IMSLP581270_PMLP02751_Mozart_Requiem_14_Karajan_1962_from_wav_-_cut_5_t___122.085433-_-153.885433_t___
Johannes_Brahms/Symphony_No_4_in_E_Minor_Op_98_IV_Allegro_energico_e_passionato/Symphony_No_4_in_E_Minor_Op_98_IV_Allegro_Energico_e_Passionato_-_cut_16_t___451.826937-_-480.997312_t___
Ludwig_van_Beethoven/Symphony_no_1_in_C_major_Op_21_I_Adagio_molto_allegro_con_brio/Symphony_no_1_in_C_Op_21_I_Adagio_molto_Allegro_con_brio_1_-_cut_4_t___91.953417-_-123.079771_t___
Johannes_Brahms/Symphony_No_3_in_F_Major_Op_90_II_Andante/Brams_Symphony_No_3_in_F_Op_90_II_Andante_from_wav_-_cut_3_t___59.059979-_-88.920854_t___
Ludwig_van_Beethoven/Beethoven_Symphony_no_1_in_C_major_Op_21_IV_Adagio_Allegro_molto_e_vivace/Symphony_no_1_in_C_Op_21_IV_Adagio_Allegro_molto_e_vivace_-_cut_7_t___173.832208-_-207.303771_t___
Frédéric_Chopin/Variations_on_La_Ci_Darem_la_Mano_Op_2/X2Download_app_Chopin_Variations_on_L_ci_darem_la_mano_op_2_128_kbps_-_cut_2_t___33.376292-_-63.45775_t___
Ludwig_van_Beethoven/Beethoven_Symphony_no_1_in_C_major_Op_21_II_Andante_cantabile_con_moto/Symphony_no_1_in_C_Op_21_II_Andante_cantibile_con_moto_-_cut_5_t___116.122562-_-151.1605_t___
Abel_Moreno/La_Madruga/La_Madruga_Marcha_de_Palio_Seville_Procession_-_cut_3_t___55.479947-_-84.86481_t___
Johannes_Brahms/Symphony_No_4_in_E_Minor_Op_98_II_Andante_moderato/Symphony_No_4_in_E_Minor_Op_98_II_Andante_Moderato_from_m4a_-_cut_4_t___92.801437-_-125.994354_t___
Frédéric_Chopin/Nocturnes_Op_48_N_2/Nocturne_in_F_sharp_minor__Op__48_no__2_-_cut_2_t___33.866312-_-54.729437_t___
Frédéric_Chopin/Waltzes_Op_70_2/Waltz_in_F_minor_Op_70_no_2_1_from_m4a_-_cut_6_t___155.620083-_--1_t___
Frédéric_Chopin/Piano_Sonata_no_2_in_Bflat_minor_Funeral_March_op_35_MOV_3/Sonata_no_2_in_B_flat_minor_Funeral_march_III_Marche_Funebre_Lento_OTRA_-_cut_2_t___35.480104-_-59.663687_t___
Ludwig_van_Beethoven/Symphony_no_1_in_C_major_Op_21_IV_Adagio_Allegro_molto_e_vivace/Symphony_no_1_in_C_Op_21_IV_Adagio_Allegro_molto_e_vivace_1_-_cut_4_t___86.885083-_-120.716562_t___
Johannes_Brahms/Symphony_No_3_in_F_Major_Op_90_IV_Allegro/Brahms_Symphony_No_3_in_F_major_Op_90_IV_Allegro_from_wav_-_cut_6_t___147.678229-_-182.821625_t___
Frédéric_Chopin/Mazurkas_Op_24_N_2/Mazurka_in_C_major__Op__24_no__2__1__-_cut_3_t___60.00975-_-88.538708_t___
Frédéric_Chopin/Mazurkas_Op_6_N_2/Mazurka_in_C_sharp_minor__Op__6_no__2_EDIT_from_wav_-_cut_4_t___90.632792-_-121.258979_t___
Johannes_Brahms/Symphony_No_4_in_E_Minor_Op_98_IV_Allegro_energico_e_passionato/Symphony_No_4_in_E_Minor_Op_98_IV_Allegro_Energico_e_Passionato_-_cut_18_t___512.460354-_-543.412542_t___
Ludwig_van_Beethoven/Symphony_no_1_in_C_major_Op_21_I_Adagio_molto_allegro_con_brio/Symphony_no_1_in_C_Op_21_I_Adagio_molto_Allegro_con_brio_1_-_cut_8_t___208.331812-_-242.375333_t___
Johannes_Brahms/Symphony_No_3_in_F_Major_Op_90_I_Allegro_con_brio/Brams_Symphony_No_3_in_F_Op_90_I_Allegro_con_brio_from_wav_-_cut_15_t___418.2965-_-448.586937_t___
Ludwig_van_Beethoven/Beethoven_9th_Symphony_Op_125_I_Allegro_Ma_Non_Troppo_un_Poco_Maestoso/IMSLP7_1_-_cut_20_t___567.585542-_-601.502875_t___
Frédéric_Chopin/Valsa_Minuto_2/Waltz_in_C_sharp_minor_Op_64_no_2_from_m4a_-_cut_7_t___182.832271-_-210.522062_t___
Camille_Saint_Saens/Samson_and_Delilah_Op_47_Danse_Baccanale/Samson_and_Delilah_Op_47_Danse_Baccanale_-_cut_5_t___122.388422-_-149.744636_t___
Ludwig_van_Beethoven/March_for_Military_Band_WoO_24/Beethoven_March_for_Military_Band_WoO_24_-_cut_5_t___115.305958-_-153.102062_t___
Johann_Sebastian_Bach/Toccata_and_Fugue_in_D_minor_BWV_565/Toccata_and_Fugue_in_Dm_BWV_565_-_cut_16_t___426.682083-_-449.397583_t___
Abel_Moreno/La_Madruga/La_Madruga_Marcha_de_Palio_Seville_Procession_-_cut_5_t___114.435399-_-143.402374_t___
Pyotr_Ilyich_Tchaikovsky/Symphony_no_6_in_B_minor_Pathtique_Op_74_I_Adagio_Allegro_non_troppo_Andante/Symphony_No_6_In_B_Minor_Op_74_Pathetique_I_Adagio_Allegro_Non_Troppo_from_m4a_-_cut_9_t___302.123197-_-361.153179_t___
Frédéric_Chopin/Nocturnes_Op_48_N_2/Nocturne_in_F_sharp_minor__Op__48_no__2_from_m4a_-_cut_4_t___93.534521-_-120.341958_t___
Pyotr_Ilyich_Tchaikovsky/Symphony_no_6_in_B_minor_Pathtique_Op_74_IV_Finale_Adagio_lamentoso_Andante/Symphony_No_6_in_B_minor_Op_74_Pathetique_IV_Finale_Adagio_lamentoso_from_m4a_-_cut_10_t___271.286884-_-302.056884_t___
Antonin_Dvorak/Dvok_Symphony_no_8_Op_88_I_Allegro_con_brio/Symphony_no_8_Op_88_I_Allegro_con_brio_-_cut_9_t___242.765545-_-270.148166_t___
Antonin_Dvorak/Dvok_Serenade_for_Wind_Instruments_Op_44_III_Andante_con_moto/Dvo_k_Serenade_for_Wind_in_D_minor_Op_44_3_Andante_con_moto_-_cut_11_t___310.44757-_-333.180065_t___
Frédéric_Chopin/Mazurkas_Op_63_N_3/Mazurka_in_C_sharp_minor__Op__63_no__3__-_cut_2_t___33.564437-_-58.340125_t___
Frédéric_Chopin/Nocturnes_Op_62_N_2/Nocturne_in_E_major__Op__62_no__2_-_cut_10_t___273.254583-_-305.646417_t___
Camille_Saint_Saens/Samson_and_Delilah_Op_47_Danse_Baccanale/Samson_and_Delilah_Op_47_Danse_Baccanale_-_cut_9_t___237.89692-_-268.831718_t___
Antonin_Dvorak/Dvok_Symphony_no_8_Op_88_I_Allegro_con_brio/Symphony_no_8_Op_88_I_Allegro_con_brio_-_cut_11_t___301.461998-_-330.812704_t___
Frédéric_Chopin/Nocturnes_Op_37_N_1/Nocturne_Op__37_no__1_in_G_minor_-_cut_2_t___29.686708-_-61.196187_t___
Frédéric_Chopin/Polonaise_No_2_in_C_Minor_Op_40/Polonaise_in_C_minor_Op_40_no_2_-_cut_12_t___330.546396-_-358.913812_t___
Francisco_Tarrega/47_Sueo_Trmolo/47_Sue_o_Tr_molo_from_m4a_-_cut_10_t___270.503267-_-301.759248_t___
Frédéric_Chopin/Nocturnes_Op_48_N_1/Nocturne_in_C_minor__Op__48_no__1_from_m4a_-_cut_1_t___0.0-_-37.511833_t___
Ludwig_van_Beethoven/Beethoven_9th_Symphony_Op_125_III_Adagio_Molto_e_Cantabile/Beethoven_Symphony_No_9_in_D_minor_Op_125_III_Adagio_Molto_e_Cantabile_from_wav_-_cut_3_t___68.026792-_-95.816062_t___
Antonin_Dvorak/Dvok_Serenade_for_Wind_Instruments_Op_44_III_Andante_con_moto/Dvo_k_Serenade_for_Wind_in_D_minor_Op_44_3_Andante_con_moto_-_cut_9_t___233.937803-_-270.323448_t___
Ludwig_van_Beethoven/Sinfona_n_7_de_Beethoven_Op_92_1_Poco_sostenuto_vivace/L_V_Beethoven_Sinfon_a_No_7_en_La_Mayor_Op_92_Mov_1_Poco_sostenuto_Vivace_-_cut_21_t___601.049104-_-631.370479_t___
Johannes_Brahms/Symphony_No_3_in_F_Major_Op_90_II_Andante/Brams_Symphony_No_3_in_F_Op_90_II_Andante_from_wav_-_cut_6_t___147.629771-_-185.199667_t___
Johannes_Brahms/Symphony_No_3_in_F_Major_Op_90_IV_Allegro/Brahms_Symphony_No_3_in_F_major_Op_90_IV_Allegro_from_wav_-_cut_5_t___125.736896-_-147.678229_t___
Ludwig_van_Beethoven/Beethoven_9th_Symphony_Op_125_IV_Presto_Allegro_Assai/Beethoven_Symphony_No_9_in_D_minor_Op_125_IV_Final_from_wav_-_cut_29_t___812.446625-_-842.214625_t___
Francisco_Tarrega/07_La_cartagenera/07_La_cartagenera_from_m4a_-_cut_2_t___30.350948-_-60.283153_t___
Ludwig_van_Beethoven/Sinfona_n_7_de_Beethoven_Op_92_2_Allegretto/L_V_Beethoven_Sinfon_a_No_7_en_La_Mayor_Op_92_Mov_2_Allegretto_-_cut_11_t___303.635437-_-333.473104_t___
Frédéric_Chopin/Waltzes_Op_34_2/Waltz_in_A_minor_Op_34_no_2_-_cut_10_t___278.005208-_-310.664083_t___
Wolfgang_Amadeus_Mozart/Piano_Sonata_no_17_in_BFlat_Major_K_570_2_Adagio/02_1_Allegro_2_Adagio_3_Allegretto_RECORTADO_-_cut_10_t___273.076707-_-304.358117_t___
Frédéric_Chopin/Funeral_March_in_C_minor_Op_posth_72_no_2/Funeral_March_in_C_minor__Op__posth__72_no__2_from_m4a_-_cut_8_t___214.557292-_-242.339979_t___
Frédéric_Chopin/Preludes_Op_28_21/Preludes_Op_28_No_21_Sunday_-_cut_3_t___64.42375-_-93.788937_t___
Frédéric_Chopin/Piano_Sonata_no_2_in_Bflat_minor_Funeral_March_op_35_MOV_3/Sonata_no_2_in_B_flat_minor_Funeral_march_III_Marche_Funebre_Lento_OTRA_-_cut_1_t___0.0-_-35.480104_t___
Ludwig_van_Beethoven/Symphony_no_1_in_C_major_Op_21_II_Andante_cantabile_con_moto/Symphony_no_1_in_C_Op_21_II_Andante_cantibile_con_moto_1_-_cut_15_t___418.262104-_--1_t___
Frédéric_Chopin/Nocturne_in_Csharp_minor_Lento_con_gran_espressione_B_49_Op_posth/Nocturne_in_C_sharp_minor__Lento_con_gran_espressione___B__49__Op__posth___from_m4a_-_cut_1_t___0.0-_-28.653437_t___
Johannes_Brahms/Symphony_no_2_in_D_major_Op_73_III_Allegretto_Grazioso/Symphony_No_2_in_D_Major_Op_73_III_Allegretto_Grazioso_take_1_from_m4a_-_cut_6_t___153.581812-_-176.604396_t___
Wolfgang_Amadeus_Mozart/Rondo_in_A_minor_K_511/Rondo_No_3_in_A_Minor_K_511_-_cut_11_t___301.78634-_-366.70634_t___
Johannes_Brahms/Symphony_No_3_in_F_Major_Op_90_IV_Allegro/Brahms_Symphony_No_3_in_F_major_Op_90_IV_Allegro_from_wav_-_cut_13_t___366.811104-_-394.257083_t___
Johannes_Brahms/Symphony_No_1_in_C_minor_Op_68_IV_Adagio_Piu_andante_Allegro_non_troppo_ma_con_brio/SYMPHO_1_from_m4a_-_cut_17_t___511.688312-_-541.560771_t___
Ludwig_van_Beethoven/Sinfona_n_7_de_Beethoven_Op_92_2_Allegretto/L_V_Beethoven_Sinfon_a_No_7_en_La_Mayor_Op_92_Mov_2_Allegretto_-_cut_14_t___395.544146-_-423.524187_t___
Frédéric_Chopin/Piano_Sonata_no_2_in_Bflat_minor_Funeral_March_op_35_MOV_3/Sonata_no_2_in_B_flat_minor_Funeral_march_III_Marche_Funebre_Lento_OTRA_-_cut_13_t___359.691354-_-391.394708_t___
Johannes_Brahms/Symphony_No_4_in_E_Minor_Op_98_II_Andante_moderato/Symphony_No_4_in_E_Minor_Op_98_II_Andante_Moderato_from_m4a_-_cut_13_t___392.164937-_-419.146521_t___
Wolfgang_Amadeus_Mozart/Piano_Sonata_no_3_K_281_3_Rondo_Allegro/Rondeau_Allegro_-_cut_7_t___180.132321-_-211.407405_t___
Ludwig_van_Beethoven/Beethoven_Symphony_no_1_in_C_major_Op_21_II_Andante_cantabile_con_moto/Symphony_No_1_in_C_major_Op_21_II_Andante_cantabile_con_moto_from_wav_-_cut_8_t___210.924-_-237.058062_t___
Ludwig_van_Beethoven/Symphony_no_1_in_C_major_Op_21_IV_Adagio_Allegro_molto_e_vivace/Symphony_No_1_in_C_major_Op_21_IV_Adagio_Allegro_molto_e_vivace_1_from_wav_-_cut_3_t___56.389667-_-95.132146_t___
Frédéric_Chopin/Piano_Sonata_no_2_in_Bflat_minor_Funeral_March_op_35_MOV_3/Sonata_no_2_in_B_flat_minor_Funeral_march_III_Marche_Funebre_Lento_OTRA_-_cut_12_t___334.926333-_-359.691354_t___
Antonin_Dvorak/Dvok_Serenade_for_Wind_Instruments_Op_44_III_Andante_con_moto/Dvo_k_Serenade_for_Wind_in_D_minor_Op_44_3_Andante_con_moto_-_cut_1_t___0.0-_-24.135346_t___
Ludwig_van_Beethoven/Symphony_no_1_in_C_major_Op_21_IV_Adagio_Allegro_molto_e_vivace/Symphony_no_1_in_C_Op_21_IV_Adagio_Allegro_molto_e_vivace_1_-_cut_9_t___238.186312-_-268.993812_t___
Frédéric_Chopin/Piano_Sonata_no_2_in_Bflat_minor_Funeral_March_op_35_MOV_3/Sonata_no_2_in_B_flat_minor_Funeral_march_III_Marche_Funebre_Lento_OTRA_-_cut_16_t___448.388104-_-480.556396_t___
Pyotr_Ilyich_Tchaikovsky/Romeo_and_Juliet_OvertureFantasia/Romeo_and_Juliet_Overture_Fantasia_-_cut_1_t___0.0-_-30.759981_t___
Johannes_Brahms/Symphony_No_1_in_C_minor_Op_68_I_Un_poco_sostenuto_Allegro/Symphony_No_1_in_C_Minor_Op_68_I_Un_poco_sostenuto_Allegro_from_m4a_-_cut_4_t___90.505667-_-121.091729_t___
Pyotr_Ilyich_Tchaikovsky/Symphony_no_6_in_B_minor_Pathtique_Op_74_I_Adagio_Allegro_non_troppo_Andante/Symphony_No_6_In_B_Minor_Op_74_Pathetique_I_Adagio_Allegro_Non_Troppo_from_m4a_-_cut_21_t___751.622784-_-783.307192_t___
Ludwig_van_Beethoven/Sinfona_n_7_de_Beethoven_Op_92_3_Presto/Beethoven_Symphony_No_7_in_A_major_op_92_III_Presto_-_cut_2_t___32.217729-_-56.19625_t___
Frédéric_Chopin/Piano_Sonata_no_2_in_Bflat_minor_Funeral_March_op_35_MOV_2/Sonata_no_2_in_B_flat_minor_Funeral_march_II_Scherzo_-_cut_5_t___123.42475-_-153.529417_t___
Johannes_Brahms/Symphony_No_3_in_F_Major_Op_90_II_Andante/Brams_Symphony_No_3_in_F_Op_90_II_Andante_from_wav_-_cut_13_t___365.712312-_-393.529812_t___
Francisco_Tarrega/23_Variaciones_sobre_el_carnaval_de_Venecia_de_Paganini/23_Variaciones_sobre_el_carnaval_de_Venecia_de_Paganini_from_m4a_-_cut_15_t___419.131251-_-452.10202_t___
Ludwig_van_Beethoven/Beethoven_9th_Symphony_Op_125_IV_Presto_Allegro_Assai/Beethoven_Symphony_No_9_in_D_minor_Op_125_IV_Final_from_wav_-_cut_3_t___47.796854-_-58.890771_t___
Ludwig_van_Beethoven/Symphony_no_1_in_C_major_Op_21_IV_Adagio_Allegro_molto_e_vivace/Symphony_no_1_in_C_Op_21_IV_Adagio_Allegro_molto_e_vivace_1_-_cut_5_t___120.716562-_-146.815792_t___
Antonin_Dvorak/Dvok_Serenade_for_Wind_Instruments_Op_44_I_Moderato_quasi_Marcia/Dvo_k_Serenade_for_Wind_in_D_minor_Op_44_1_Moderato_quasi_marcia_-_cut_7_t___178.392957-_-208.938808_t___
Wolfgang_Amadeus_Mozart/Rondo_in_A_minor_K_511/Rondo_No_3_in_A_Minor_K_511_-_cut_5_t___125.34-_-150.561804_t___
Johannes_Brahms/Symphony_No_1_in_C_minor_Op_68_I_Un_poco_sostenuto_Allegro/Symphony_No_1_in_C_Minor_Op_68_I_Un_poco_sostenuto_Allegro_from_m4a_-_cut_16_t___391.776604-_-451.119708_t___
Ludwig_van_Beethoven/Beethoven_9th_Symphony_Op_125_I_Allegro_Ma_Non_Troppo_un_Poco_Maestoso/IMSLP7_1_-_cut_25_t___720.991375-_-754.904646_t___
Johannes_Brahms/Symphony_No_3_in_F_Major_Op_90_IV_Allegro/Brahms_Symphony_No_3_in_F_major_Op_90_IV_Allegro_from_wav_-_cut_8_t___215.259896-_-239.891687_t___
Frédéric_Chopin/Bolero_Op_19/Bolero__Op__19_from_m4a_-_cut_10_t___272.587833-_-295.122771_t___
Frédéric_Chopin/Nocturne_in_Csharp_minor_Lento_con_gran_espressione_B_49_Op_posth/Nocturne_in_C_sharp_minor__Lento_con_gran_espressione___B__49__Op__posth____1__-_cut_1_t___0.0-_-35.712292_t___
Frédéric_Chopin/Ballade_no_4_Op_52/Ballade_no__2__Frank_Levy_COMPRIMIDO_from_m4a_-_cut_25_t___723.719271-_-750.943208_t___
Frédéric_Chopin/Variations_on_La_Ci_Darem_la_Mano_Op_2/X2Download_app_Chopin_Variations_on_L_ci_darem_la_mano_op_2_128_kbps_-_cut_12_t___328.140646-_-364.546479_t___
Johannes_Brahms/Symphony_No_3_in_F_Major_Op_90_II_Andante/Symphony_No_3_in_F_Major_Op_90_II_Andante_from_m4a_-_cut_15_t___421.881708-_-450.978646_t___
Ludwig_van_Beethoven/Sinfona_n_7_de_Beethoven_Op_92_1_Poco_sostenuto_vivace/L_V_Beethoven_Sinfon_a_No_7_en_La_Mayor_Op_92_Mov_1_Poco_sostenuto_Vivace_-_cut_22_t___631.370479-_-663.255333_t___
Ludwig_van_Beethoven/Beethoven_9th_Symphony_Op_125_I_Allegro_Ma_Non_Troppo_un_Poco_Maestoso/IMSLP484062_PMLP01607_beethoven_9_01_concertgebouw_klemperer_1956_16048_-_cut_11_t___298.670771-_-336.16925_t___
Abel_Moreno/La_Madruga/La_Madruga_Marcha_de_Palio_Seville_Procession_-_cut_4_t___84.86481-_-114.435399_t___
Ludwig_van_Beethoven/Symphony_no_2_in_D_Major_Op_36_IV_Allegro_molto/Symphony_no_2_in_D_Major_Op_36_IV_Allegro_molto_-_cut_6_t___152.155437-_-182.910583_t___
Johannes_Brahms/Symphony_No_1_in_C_minor_Op_68_I_Un_poco_sostenuto_Allegro/Symphony_No_1_in_C_Minor_Op_68_I_Un_poco_sostenuto_Allegro_from_m4a_-_cut_11_t___241.02325-_-270.581708_t___
Frédéric_Chopin/Mazurkas_Op_6_N_2/Mazurka_in_C_sharp_minor__Op__6_no__2_EDIT_from_wav_-_cut_5_t___121.258979-_--1_t___
Ludwig_van_Beethoven/Symphony_no_1_in_C_major_Op_21_III_Minuetto_and_trio/Symphony_No_1_in_C_major_Op_21_III_Minuetto_and_trio_1_from_wav_-_cut_6_t___147.494521-_-185.632042_t___
Ludwig_van_Beethoven/Beethoven_Symphony_no_1_in_C_major_Op_21_IV_Adagio_Allegro_molto_e_vivace/Symphony_No_1_in_C_major_Op_21_IV_Adagio_Allegro_molto_e_vivace_from_wav_-_cut_13_t___353.2645-_--1_t___
Frédéric_Chopin/Piano_Sonata_no_2_in_Bflat_minor_Funeral_March_op_35_MOV_1/Sonata_no__2_in_B_flat_minor__Funeral_march____I__Grave__Doppio_movimento__1__-_cut_9_t___243.958854-_-267.968292_t___
Frédéric_Chopin/Nocturnes_Op_37_N_1/Nocturne_Op__37_no__1_in_G_minor_EDIT_from_wav_-_cut_2_t___31.288896-_-56.761187_t___
Frédéric_Chopin/Berceuse_Op_57/Berceuse_in_D_flat_major__Op__57___1__-_cut_1_t___0.0-_-32.763354_t___
Frédéric_Chopin/Variations_on_La_Ci_Darem_la_Mano_Op_2/X2Download_app_Chopin_Variations_on_L_ci_darem_la_mano_op_2_128_kbps_-_cut_30_t___836.770833-_-872.816771_t___
Frédéric_Chopin/N_7___Etudes_Op_25/Etude_Op__25_no__7_in_C_sharp_minor___Cello___1__from_wav_-_cut_7_t___182.645292-_-210.309854_t___
Ludwig_van_Beethoven/Beethoven_9th_Symphony_Op_125_I_Allegro_Ma_Non_Troppo_un_Poco_Maestoso/IMSLP484062_PMLP01607_beethoven_9_01_concertgebouw_klemperer_1956_16048_-_cut_19_t___539.225437-_-571.152917_t___
Ludwig_van_Beethoven/Coriolan_Overture_Op_62/Coriolan_Overture_Op_62_from_m4a_-_cut_8_t___215.852687-_-244.703854_t___
Johannes_Brahms/Symphony_No_1_in_C_minor_Op_68_I_Un_poco_sostenuto_Allegro/Symphony_No_1_in_C_Minor_Op_68_I_Un_poco_sostenuto_Allegro_from_m4a_-_cut_2_t___29.280375-_-57.887854_t___
Frédéric_Chopin/Mazurkas_Op_56_N_1/Mazurka_in_B_major__Op__56_no__1_from_m4a_-_cut_9_t___237.484396-_-273.232458_t___
Ludwig_van_Beethoven/Beethoven_9th_Symphony_Op_125_I_Allegro_Ma_Non_Troppo_un_Poco_Maestoso/IMSLP484062_PMLP01607_beethoven_9_01_concertgebouw_klemperer_1956_16048_-_cut_33_t___961.3295-_--1_t___
Antonin_Dvorak/Dvok_Serenade_for_Wind_Instruments_Op_44_I_Moderato_quasi_Marcia/Dvo_k_Serenade_for_Wind_in_D_minor_Op_44_1_Moderato_quasi_marcia_-_cut_8_t___208.938808-_--1_t___
Frédéric_Chopin/Piano_Sonata_no_2_in_Bflat_minor_Funeral_March_op_35_MOV_1/Sonata_no__2_in_B_flat_minor__Funeral_march____I__Grave__Doppio_movimento_-_cut_10_t___243.958854-_-267.968292_t___
Wolfgang_Amadeus_Mozart/Piano_Sonata_no_14_K_457_I_Allegro/Piano_Sonata_no_14_K_457_I_Allegro_Second_repeat_omitted_-_cut_9_t___244.065863-_-271.045582_t___
Wolfgang_Amadeus_Mozart/Fantasia_in_D_minor_K_397/Fantasia_in_Dm_K_397_5_-_cut_4_t___92.573354-_-120.093354_t___
Johannes_Brahms/Symphony_No_1_in_C_minor_Op_68_IV_Adagio_Piu_andante_Allegro_non_troppo_ma_con_brio/SYMPHO_1_from_m4a_-_cut_4_t___118.487667-_-149.120271_t___
Johann_Sebastian_Bach/Toccata_and_Fugue_in_D_minor_BWV_565/Toccata_and_Fugue_in_D_minor_BWV_565_Organ_-_cut_18_t___513.505854-_--1_t___
Antonin_Dvorak/Dvok_Serenade_for_Wind_Instruments_Op_44_II_Minuetto/Dvo_k_Serenade_for_Wind_in_D_minor_Op_44_2_Minuetto_Tempo_di_minuetto_-_cut_6_t___150.425134-_-181.017203_t___
Frédéric_Chopin/Mazurkas_Op_63_N_3/Mazurka_in_C_sharp_minor__Op__63_no__3_-_cut_4_t___94.343083-_--1_t___
Johannes_Brahms/Symphony_No_1_in_C_minor_Op_68_IV_Adagio_Piu_andante_Allegro_non_troppo_ma_con_brio/SYMPHO_1_from_m4a_-_cut_10_t___300.584042-_-330.851271_t___
Frédéric_Chopin/Piano_Sonata_no_2_in_Bflat_minor_Funeral_March_op_35_MOV_1/Sonata_no__2_in_B_flat_minor__Funeral_march____I__Grave__Doppio_movimento_-_cut_4_t___91.065937-_-122.309021_t___
Frédéric_Chopin/Piano_Sonata_no_2_in_Bflat_minor_Funeral_March_op_35_MOV_2/Sonata_no_2_in_B_flat_minor_Funeral_march_II_Scherzo_1_-_cut_11_t___301.877479-_-328.909917_t___
Pyotr_Ilyich_Tchaikovsky/Romeo_and_Juliet_OvertureFantasia/Romeo_and_Juliet_Overture_Fantasia_-_cut_10_t___303.089741-_-332.219741_t___
Ludwig_van_Beethoven/Beethoven_Symphony_no_1_in_C_major_Op_21_II_Andante_cantabile_con_moto/Symphony_no_1_in_C_Op_21_II_Andante_cantibile_con_moto_-_cut_13_t___364.521354-_-391.907458_t___
Frédéric_Chopin/Nocturnes_Op_62_N_2/Nocturne_in_E_major__Op__62_no__2_-_cut_15_t___423.90175-_-450.941375_t___
Francisco_Tarrega/47_Sueo_Trmolo/47_Sue_o_Tr_molo_from_m4a_-_cut_1_t___0.0-_-31.629228_t___
Frédéric_Chopin/Mazurkas_Op_7_N_2/Mazurka_in_A_minor__Op__7_no__2_-_cut_1_t___0.0-_-148.527083_t___
Frédéric_Chopin/Valsa_Minuto_1/Waltz_in_D_flat_major_Minute_Op_64_no_1_from_m4a_-_cut_2_t___32.043521-_-63.390458_t___
Ludwig_van_Beethoven/Coriolan_Overture_Op_62/Coriolan_Overture_Op_62_from_m4a_-_cut_5_t___119.768521-_-155.039625_t___
Frédéric_Chopin/Preludes_Op_20/Preludes_Op_28_No_20_Funeral_march_2_-_cut_3_t___65.697312-_--1_t___
Johannes_Brahms/Symphony_No_3_in_F_Major_Op_90_I_Allegro_con_brio/Brahms_Symphony_No_3_in_F_major_Op_90_I_Allegro_con_brio_from_wav_-_cut_18_t___479.751937-_-509.791562_t___
Johannes_Brahms/Symphony_No_3_in_F_Major_Op_90_I_Allegro_con_brio/Brahms_Symphony_No_3_in_F_major_Op_90_I_Allegro_con_brio_from_wav_-_cut_3_t___63.434375-_-90.764271_t___
Wolfgang_Amadeus_Mozart/Requiem_Mozart_VII_Agnus_Dei_MozartSssmayr/IMSLP581269_PMLP02751_Mozart_Requiem_13_Karajan_1962_from_wav_-_cut_4_t___91.285174-_-120.355174_t___
Johannes_Brahms/Symphony_no_2_in_D_major_Op_73_IV_Allegro_Con_Spirito/Symphony_No_2_in_D_Major_Op_73_IV_Allegro_Con_Spirito_from_m4a_-_cut_17_t___458.429208-_-478.444812_t___
Ludwig_van_Beethoven/Beethoven_9th_Symphony_Op_125_III_Adagio_Molto_e_Cantabile/Beethoven_Symphony_No_9_in_D_minor_Op_125_III_Adagio_Molto_e_Cantabile_from_wav_-_cut_14_t___389.078458-_-422.132062_t___
Francisco_Tarrega/23_Variaciones_sobre_el_carnaval_de_Venecia_de_Paganini/23_Variaciones_sobre_el_carnaval_de_Venecia_de_Paganini_from_m4a_-_cut_5_t___117.998686-_-150.573804_t___
Wolfgang_Amadeus_Mozart/Fantasia_in_D_minor_K_397/Fantasia_in_Dm_K_397_5_-_cut_6_t___152.193875-_-183.039604_t___
Ludwig_van_Beethoven/Beethoven_Symphony_no_1_in_C_major_Op_21_IV_Adagio_Allegro_molto_e_vivace/Symphony_No_1_in_C_major_Op_21_IV_Adagio_Allegro_molto_e_vivace_from_wav_-_cut_1_t___0.0-_-25.681271_t___
Ludwig_van_Beethoven/Beethoven_9th_Symphony_Op_125_I_Allegro_Ma_Non_Troppo_un_Poco_Maestoso/IMSLP484062_PMLP01607_beethoven_9_01_concertgebouw_klemperer_1956_16048_-_cut_26_t___754.725937-_-782.761333_t___
Antonin_Dvorak/Dvok_Serenade_for_Wind_Instruments_Op_44_III_Andante_con_moto/Dvo_k_Serenade_for_Wind_in_D_minor_Op_44_3_Andante_con_moto_-_cut_12_t___333.180065-_-371.585669_t___
Antonin_Dvorak/Dvok_Serenade_for_Wind_Instruments_Op_44_II_Minuetto/Dvo_k_Serenade_for_Wind_in_D_minor_Op_44_2_Minuetto_Tempo_di_minuetto_-_cut_2_t___28.55301-_-56.962551_t___
Johannes_Brahms/Symphony_no_2_in_D_major_Op_73_I_Allegro_non_troppo/Symphony_No_2_in_D_Major_Op_73_I_Allegro_non_troppo_from_m4a_-_cut_26_t___748.440583-_-782.994896_t___
Johannes_Brahms/Symphony_No_1_in_C_minor_Op_68_IV_Adagio_Piu_andante_Allegro_non_troppo_ma_con_brio/SYMPHO_1_from_m4a_-_cut_27_t___840.300542-_-875.606479_t___
Frédéric_Chopin/Mazurkas_Op_6_N_3/Mazurka_in_E_major__Op__6_no__3_-_cut_3_t___55.097417-_-88.534146_t___
Frédéric_Chopin/Mazurkas_Op_17_N_4/Mazurka_in_A_minor__Op__17_no__4_-_cut_11_t___300.289604-_--1_t___
Pyotr_Ilyich_Tchaikovsky/Romeo_and_Juliet_OvertureFantasia/Romeo_and_Juliet_Overture_Fantasia_-_cut_7_t___180.03634-_-216.999006_t___
Francisco_Tarrega/23_Variaciones_sobre_el_carnaval_de_Venecia_de_Paganini/23_Variaciones_sobre_el_carnaval_de_Venecia_de_Paganini_from_m4a_-_cut_7_t___180.886526-_-210.500019_t___
Frédéric_Chopin/Funeral_March_in_C_minor_Op_posth_72_no_2/Funeral_March_in_C_minor__Op__posth__72_no__2_from_m4a_-_cut_10_t___273.5995-_-300.743625_t___
Johannes_Brahms/Symphony_No_4_in_E_Minor_Op_98_III_Allegro_giocoso/Symphony_No_4_in_E_Minor_Op_98_III_Allegro_Giocoso_from_m4a_-_cut_10_t___274.7575-_-299.602854_t___
Ludwig_van_Beethoven/Symphony_no_1_in_C_major_Op_21_IV_Adagio_Allegro_molto_e_vivace/Symphony_no_1_in_C_Op_21_IV_Adagio_Allegro_molto_e_vivace_1_-_cut_8_t___207.303771-_-238.186312_t___
Pyotr_Ilyich_Tchaikovsky/Symphony_no_6_in_B_minor_Pathtique_Op_74_I_Adagio_Allegro_non_troppo_Andante/Symphony_No_6_In_B_Minor_Op_74_Pathetique_I_Adagio_Allegro_Non_Troppo_from_m4a_-_cut_17_t___615.01234-_-661.110929_t___
Wolfgang_Amadeus_Mozart/Fantasia_in_D_minor_K_397/Fantasia_in_Dm_K_397_1_-_cut_1_t___0.0-_-34.88_t___
Wolfgang_Amadeus_Mozart/Piano_Sonata_no_14_K_457_III_Molto_allegro/Piano_Sonata_no_14_K_457_III_Molto_allegro_-_cut_6_t___150.218553-_-182.713328_t___
Frédéric_Chopin/Piano_Sonata_no_2_in_Bflat_minor_Funeral_March_op_35_MOV_1/Sonata_no__2_in_B_flat_minor__Funeral_march____I__Grave__Doppio_movimento__1__-_cut_1_t___0.0-_-30.928979_t___
Ludwig_van_Beethoven/Beethoven_Symphony_no_1_in_C_major_Op_21_I_Adagio_molto_allegro_con_brio/Symphony_no_1_in_C_Op_21_I_Adagio_molto_Allegro_con_brio_-_cut_13_t___357.104708-_-387.145417_t___
Johannes_Brahms/Symphony_No_4_in_E_Minor_Op_98_II_Andante_moderato/Symphony_No_4_in_E_Minor_Op_98_II_Andante_Moderato_from_m4a_-_cut_18_t___539.138542-_-574.537354_t___
Frédéric_Chopin/Piano_Sonata_no_2_in_Bflat_minor_Funeral_March_op_35_MOV_2/Sonata_no_2_in_B_flat_minor_Funeral_march_II_Scherzo_1_-_cut_9_t___239.546417-_-265.924292_t___
Ludwig_van_Beethoven/Symphony_no_1_in_C_major_Op_21_IV_Adagio_Allegro_molto_e_vivace/Symphony_No_1_in_C_major_Op_21_IV_Adagio_Allegro_molto_e_vivace_1_from_wav_-_cut_2_t___25.681271-_-56.389667_t___
Frédéric_Chopin/Nocturne_in_Csharp_minor_Lento_con_gran_espressione_B_49_Op_posth/Nocturne_in_C_sharp_minor__Lento_con_gran_espressione___B__49__Op__posth___from_m4a_-_cut_6_t___153.021312-_-185.262229_t___
Wolfgang_Amadeus_Mozart/Fantasia_in_D_minor_K_397/ESTE Fantasia_in_D_minor_K_397_-_cut_2_t___31.01-_-65.406729_t___
Wolfgang_Amadeus_Mozart/Piano_Sonata_no_17_in_BFlat_Major_K_570_2_Adagio/02_1_Allegro_2_Adagio_3_Allegretto_RECORTADO_-_cut_1_t___0.0-_-30.36_t___
Johannes_Brahms/Symphony_No_4_in_E_Minor_Op_98_IV_Allegro_energico_e_passionato/Symphony_No_4_in_E_Minor_Op_98_IV_Allegro_Energico_e_Passionato_-_cut_22_t___626.060729-_-661.529187_t___
Ludwig_van_Beethoven/Beethoven_9th_Symphony_Op_125_II_Scherzo_Molto_Vivace_Presto/Beethoven_Symphony_No_9_II_Scherzo_Molto_Vivace_Presto_from_wav_-_cut_22_t___572.775-_-595.460896_t___
Victor_Ferrer/Mi_Amargura_Victor_Ferrer/Marcha_MI_AMARGURA_Victor_Ferrer_Castillo_MARCHA_DE_PROCESI_N_para_banda_de_m_sica_128_kbps_-_cut_1_t___0.0-_-31.433375_t___
Frédéric_Chopin/Piano_Sonata_no_2_in_Bflat_minor_Funeral_March_op_35_MOV_1/Sonata_no__2_in_B_flat_minor__Funeral_march____I__Grave__Doppio_movimento__1__-_cut_3_t___62.831333-_-95.205896_t___
Ludwig_van_Beethoven/Beethoven_9th_Symphony_Op_125_IV_Presto_Allegro_Assai/Beethoven_Symphony_No_9_in_D_minor_Op_125_IV_Final_from_wav_-_cut_28_t___783.096604-_-812.446625_t___
Johannes_Brahms/Symphony_No_3_in_F_Major_Op_90_IV_Allegro/Brahms_Symphony_No_3_in_F_major_Op_90_IV_Allegro_from_wav_-_cut_11_t___303.676062-_-330.506708_t___
Francisco_Tarrega/47_Sueo_Trmolo/47_Sue_o_Tr_molo_from_m4a_-_cut_4_t___89.858053-_-120.888789_t___
Frédéric_Chopin/Nocturne_in_Csharp_minor_Lento_con_gran_espressione_B_49_Op_posth/Nocturne_in_C_sharp_minor__Lento_con_gran_espressione___B__49__Op__posth____1__from_m4a_-_cut_6_t___155.696625-_-188.471562_t___
Camille_Saint_Saens/Danse_Macabre_Op_40/Danse_macabre_Op_40_-_cut_5_t___117.967161-_-153.678953_t___
Ludwig_van_Beethoven/Beethoven_9th_Symphony_Op_125_III_Adagio_Molto_e_Cantabile/Beethoven_Symphony_No_9_in_D_minor_Op_125_III_Adagio_Molto_e_Cantabile_from_wav_-_cut_4_t___95.816062-_-125.212542_t___
Ludwig_van_Beethoven/Mazurkas_Op_63_N_2/Mazurkaa_in_F_minor__Op__63_no__2_from_m4a_-_cut_3_t___59.6985-_--1_t___
Frédéric_Chopin/Ballade_no_4_Op_52/Ballade_no__2__Frank_Levy_COMPRIMIDO_from_m4a_-_cut_1_t___0.0-_-30.986604_t___
Frédéric_Chopin/Mazurkas_Op_7_N_3/Mazurka_in_F_minor__Op__7_no__3_EDIT_from_wav_-_cut_3_t___65.557375-_-92.446062_t___
Frédéric_Chopin/Nocturnes_Op_27_N_1/Nocturne_in_C_sharp_minor__Op__27_no__1_from_m4a_-_cut_3_t___62.751917-_-91.300833_t___
Johannes_Brahms/Symphony_No_1_in_C_minor_Op_68_II_Andante_sostenuto/Symphony_No_1_in_C_Minor_Op_68_II_Andante_sostenuto_from_m4a_-_cut_8_t___216.023229-_-245.094625_t___
Wolfgang_Amadeus_Mozart/Requiem_Mozart_VIII_Communio_Lux_aeterna_MozartSssmayr/IMSLP581270_PMLP02751_Mozart_Requiem_14_Karajan_1962_from_wav_-_cut_2_t___34.81-_-69.730448_t___
Ludwig_van_Beethoven/Symphony_no_1_in_C_major_Op_21_I_Adagio_molto_allegro_con_brio/Symphony_no_1_in_C_Op_21_I_Adagio_molto_Allegro_con_brio_1_-_cut_2_t___25.758687-_-60.077792_t___
Frédéric_Chopin/Mazurkas_Op_17_N_4/Mazurka_in_A_minor__Op__17_no__4__1__-_cut_8_t___213.761958-_-241.307083_t___
Antonin_Dvorak/Dvok_Symphony_no_7_Op_70_I_Allegro_maestoso/Symphony_no_7_Op_70_I_Allegro_maestoso_-_cut_1_t___0.0-_-36.27449_t___
Ludwig_van_Beethoven/Beethoven_9th_Symphony_Op_125_III_Adagio_Molto_e_Cantabile/Beethoven_Symphony_No_9_in_D_minor_Op_125_III_Adagio_Molto_e_Cantabile_from_wav_-_cut_29_t___844.498146-_-864.115833_t___
Ludwig_van_Beethoven/Beethoven_9th_Symphony_Op_125_IV_Presto_Allegro_Assai/Beethoven_Symphony_No_9_in_D_minor_Op_125_IV_Final_from_wav_-_cut_33_t___926.475396-_-962.346229_t___
Johannes_Brahms/Symphony_No_4_in_E_Minor_Op_98_IV_Allegro_energico_e_passionato/Symphony_No_4_in_E_Minor_Op_98_IV_Allegro_Energico_e_Passionato_-_cut_21_t___606.370208-_-626.060729_t___
Frédéric_Chopin/Nocturne_in_Csharp_minor_Lento_con_gran_espressione_B_49_Op_posth/Nocturne_in_C_sharp_minor__Lento_con_gran_espressione___B__49__Op__posth____1__-_cut_6_t___147.144854-_-182.078646_t___
Ludwig_van_Beethoven/Sinfona_n_7_de_Beethoven_Op_92_1_Poco_sostenuto_vivace/L_V_Beethoven_Sinfon_a_No_7_en_La_Mayor_Op_92_Mov_1_Poco_sostenuto_Vivace_-_cut_2_t___32.236917-_-60.472375_t___
Johannes_Brahms/Symphony_No_3_in_F_Major_Op_90_I_Allegro_con_brio/Brahms_Symphony_No_3_in_F_major_Op_90_I_Allegro_con_brio_from_wav_-_cut_20_t___545.724458-_--1_t___
Jose_Perez_Ballester/Solemnidad/SOLEMNIDAD_Jos_P_rez_Ballester_-_cut_4_t___93.095937-_-120.843667_t___
Frédéric_Chopin/Valsa_Minuto_2/Waltz_in_C_sharp_minor_Op_64_no_2_from_m4a_-_cut_6_t___145.250771-_-182.832271_t___
Frédéric_Chopin/Ballade_no_4_Op_52/Ballade_no__2__Frank_Levy_COMPRIMIDO_from_m4a_-_cut_20_t___571.02275-_-602.591687_t___
Johannes_Brahms/Symphony_no_2_in_D_major_Op_73_I_Allegro_non_troppo/Symphony_No_2_in_D_Major_Op_73_I_Allegro_non_troppo_from_m4a_-_cut_18_t___515.712667-_-543.64625_t___
Frédéric_Chopin/Nocturnes_Op_48_N_2/Nocturne_in_F_sharp_minor__Op__48_no__2_from_m4a_-_cut_14_t___388.022417-_-429.284292_t___
Ludwig_van_Beethoven/Beethoven_9th_Symphony_Op_125_I_Allegro_Ma_Non_Troppo_un_Poco_Maestoso/IMSLP7_1_-_cut_9_t___237.413479-_-264.002937_t___
Johannes_Brahms/Symphony_No_3_in_F_Major_Op_90_I_Allegro_con_brio/Brams_Symphony_No_3_in_F_Op_90_I_Allegro_con_brio_from_wav_-_cut_9_t___238.790625-_-275.071833_t___
Victor_Ferrer/Mi_Amargura_Victor_Ferrer/Marcha_MI_AMARGURA_Victor_Ferrer_Castillo_MARCHA_DE_PROCESI_N_para_banda_de_m_sica_128_kbps_-_cut_9_t___242.063375-_-274.593375_t___
Frédéric_Chopin/Piano_Concerto_no_2_in_F_minor_Op_21_Mov_3/Piano_Concerto_no__2_in_F_minor__Op__21___III__Allegro_vivace_from_ogg_-_cut_1_t___0.0-_-27.135875_t___
Johannes_Brahms/Symphony_No_3_in_F_Major_Op_90_I_Allegro_con_brio/Brams_Symphony_No_3_in_F_Op_90_I_Allegro_con_brio_from_wav_-_cut_3_t___57.408062-_-91.796812_t___
Frédéric_Chopin/N_7___Etudes_Op_25/Etude_Op__25_no__7_in_C_sharp_minor___Cello___1__from_wav_-_cut_2_t___33.54425-_-61.593958_t___
Frédéric_Chopin/Funeral_March_in_C_minor_Op_posth_72_no_2/Funeral_March_in_C_minor__Op__posth__72_no__2_from_m4a_-_cut_5_t___117.474042-_-154.288312_t___
Ludwig_van_Beethoven/Beethoven_Symphony_no_1_in_C_major_Op_21_II_Andante_cantabile_con_moto/Symphony_No_1_in_C_major_Op_21_II_Andante_cantabile_con_moto_from_wav_-_cut_13_t___350.684083-_--1_t___
Johannes_Brahms/Symphony_No_3_in_F_Major_Op_90_II_Andante/Symphony_No_3_in_F_Major_Op_90_II_Andante_from_m4a_-_cut_16_t___450.978646-_-474.616604_t___
Frédéric_Chopin/Nocturnes_Op_62_N_1/Nocturne_in_B_major__Op__62_no__1_EDIT_from_wav_-_cut_9_t___241.011229-_-277.745208_t___
Johannes_Brahms/Symphony_No_1_in_C_minor_Op_68_IV_Adagio_Piu_andante_Allegro_non_troppo_ma_con_brio/SYMPHO_1_from_m4a_-_cut_3_t___88.630583-_-118.487667_t___
Johannes_Brahms/Symphony_No_3_in_F_Major_Op_90_II_Andante/Symphony_No_3_in_F_Major_Op_90_II_Andante_from_m4a_-_cut_11_t___303.691083-_-330.603_t___
Johannes_Brahms/Symphony_No_3_in_F_Major_Op_90_III_Poco_allegretto/Brahms_Symphony_No_3_in_F_major_Op_90_III_Poco_allegreto_from_wav_-_cut_7_t___184.47125-_-210.418292_t___
Pyotr_Ilyich_Tchaikovsky/Romeo_and_Juliet_OvertureFantasia/Romeo_and_Juliet_Overture_Fantasia_-_cut_22_t___751.18068-_-788.37068_t___
Ludwig_van_Beethoven/Symphony_no_1_in_C_major_Op_21_I_Adagio_molto_allegro_con_brio/Symphony_No_1_in_C_major_Op_21_I_Adagio_molto_allegro_con_brio_1_from_wav_-_cut_10_t___268.788437-_-303.316521_t___
Camille_Saint_Saens/Samson_and_Delilah_Op_47_Danse_Baccanale/Samson_and_Delilah_Op_47_Danse_Baccanale_-_cut_14_t___390.26755-_-421.39658_t___
Johannes_Brahms/Symphony_No_1_in_C_minor_Op_68_II_Andante_sostenuto/Symphony_No_1_in_C_Minor_Op_68_II_Andante_sostenuto_from_m4a_-_cut_6_t___151.955729-_-188.310229_t___
Joaquin_Montanes_Castellano/Agarrate_Saxo/Ag_rrate_Saxo_Joaqu_n_Monta_s_Castellano_Pasodoble_128_kbps_-_cut_5_t___118.678875-_-151.968312_t___
Frédéric_Chopin/Mazurkas_Op_7_N_3/Mazurka_in_F_minor__Op__7_no__3_-_cut_4_t___91.699854-_-121.444625_t___
Ludwig_van_Beethoven/Symphony_no_1_in_C_major_Op_21_I_Adagio_molto_allegro_con_brio/Symphony_no_1_in_C_Op_21_I_Adagio_molto_Allegro_con_brio_1_-_cut_17_t___474.9005-_-505.520312_t___
Frédéric_Chopin/Piano_Sonata_no_2_in_Bflat_minor_Funeral_March_op_35_MOV_3/Sonata_no_2_in_B_flat_minor_Funeral_march_III_Marche_Funebre_Lento_-_cut_18_t___510.304917-_-542.940583_t___
Ludwig_van_Beethoven/Sinfona_n_7_de_Beethoven_Op_92_2_Allegretto/L_V_Beethoven_Sinfon_a_No_7_en_La_Mayor_Op_92_Mov_2_Allegretto_-_cut_5_t___124.523396-_-155.64975_t___
Ludwig_van_Beethoven/Beethoven_9th_Symphony_Op_125_III_Adagio_Molto_e_Cantabile/Beethoven_Symphony_No_9_in_D_minor_Op_125_III_Adagio_Molto_e_Cantabile_from_wav_-_cut_26_t___756.622229-_-778.704417_t___
Wolfgang_Amadeus_Mozart/Piano_Sonata_no_14_K_457_III_Molto_allegro/Piano_Sonata_no_14_K_457_III_Molto_allegro_-_cut_4_t___94.643977-_-121.438553_t___
Ludwig_van_Beethoven/Symphony_no_2_in_D_Major_Op_36_IV_Allegro_molto/Symphony_no_2_in_D_Major_Op_36_IV_Allegro_molto_from_wav_-_cut_2_t___34.620958-_-61.082667_t___
Ludwig_van_Beethoven/Beethoven_9th_Symphony_Op_125_I_Allegro_Ma_Non_Troppo_un_Poco_Maestoso/IMSLP484062_PMLP01607_beethoven_9_01_concertgebouw_klemperer_1956_16048_-_cut_31_t___900.170292-_-936.106292_t___
Johannes_Brahms/Symphony_No_1_in_C_minor_Op_68_IV_Adagio_Piu_andante_Allegro_non_troppo_ma_con_brio/SYMPHO_1_from_m4a_-_cut_26_t___813.266333-_-840.300542_t___
Frédéric_Chopin/Mazurkas_Op_24_N_2/Mazurka_in_C_major__Op__24_no__2__1__-_cut_1_t___0.0-_-27.638271_t___
Frédéric_Chopin/Nocturnes_Op_37_N_1/Nocturne_Op__37_no__1_in_G_minor_-_cut_6_t___153.849167-_-184.011896_t___
Wolfgang_Amadeus_Mozart/Piano_Sonata_no_14_K_457_II_Adagio/Piano_Sonata_no_14_K_457_II_Adagio_-_cut_10_t___275.608974-_-302.848974_t___
Wolfgang_Amadeus_Mozart/Rondo_in_A_minor_K_511/Rondo_No_3_in_A_Minor_K_511_-_cut_2_t___30.73-_-60.882789_t___
Frédéric_Chopin/Nocturne_in_Csharp_minor_Lento_con_gran_espressione_B_49_Op_posth/Nocturne_in_C_sharp_minor__Lento_con_gran_espressione___B__49__Op__posth____2__from_m4a_-_cut_3_t___58.135625-_-96.007354_t___
Ludwig_van_Beethoven/Symphony_no_2_in_D_Major_Op_36_IV_Allegro_molto/Symphony_no_2_in_D_Major_Op_36_IV_Allegro_molto_-_cut_13_t___358.635958-_--1_t___
Ludwig_van_Beethoven/Beethoven_9th_Symphony_Op_125_I_Allegro_Ma_Non_Troppo_un_Poco_Maestoso/IMSLP7_1_-_cut_27_t___785.880083-_-815.682896_t___
Johannes_Brahms/Symphony_no_2_in_D_major_Op_73_I_Allegro_non_troppo/Symphony_No_2_in_D_Major_Op_73_I_Allegro_non_troppo_from_m4a_-_cut_13_t___363.183917-_-385.391958_t___
Johannes_Brahms/Symphony_No_3_in_F_Major_Op_90_I_Allegro_con_brio/Brahms_Symphony_No_3_in_F_major_Op_90_I_Allegro_con_brio_from_wav_-_cut_1_t___0.0-_-31.518521_t___
Johannes_Brahms/Symphony_No_3_in_F_Major_Op_90_III_Poco_allegretto/Brahms_Symphony_No_3_in_F_major_Op_90_III_Poco_allegreto_from_wav_-_cut_6_t___152.822458-_-184.47125_t___
Johannes_Brahms/Symphony_No_3_in_F_Major_Op_90_I_Allegro_con_brio/Brahms_Symphony_No_3_in_F_major_Op_90_I_Allegro_con_brio_from_wav_-_cut_16_t___446.574458-_-455.127167_t___
Pyotr_Ilyich_Tchaikovsky/Symphony_no_6_in_B_minor_Pathtique_Op_74_IV_Finale_Adagio_lamentoso_Andante/Symphony_No_6_in_B_minor_Op_74_Pathetique_IV_Finale_Adagio_lamentoso_from_m4a_-_cut_1_t___0.0-_-33.11_t___
Antonin_Dvorak/Dvok_Symphony_no_7_Op_70_I_Allegro_maestoso/Symphony_no_7_Op_70_I_Allegro_maestoso_-_cut_14_t___390.77092-_-419.087531_t___
Frédéric_Chopin/Mazurkas_Op_56_N_1/Mazurka_in_B_major__Op__56_no__1_-_cut_7_t___179.974812-_-227.973812_t___
Frédéric_Chopin/Preludes_Op_28_21/Preludes_Op_28_No_21_Sunday_-_cut_4_t___93.788937-_--1_t___
Ludwig_van_Beethoven/Sinfona_n_7_de_Beethoven_Op_92_3_Presto/Beethoven_Symphony_No_7_in_A_major_op_92_III_Presto_-_cut_3_t___56.19625-_-120.075937_t___
Ludwig_van_Beethoven/Coriolan_Overture_Op_62/Coriolan_Overture_Op_62_from_m4a_-_cut_7_t___176.262667-_-215.852687_t___
Frédéric_Chopin/Nocturnes_Op_48_N_2/Nocturne_in_F_sharp_minor__Op__48_no__2_-_cut_5_t___125.596979-_-153.170667_t___
Frédéric_Chopin/Berceuse_Op_57/Berceuse_in_D_flat_major__Op__57___1__-_cut_6_t___156.257729-_-179.487542_t___
Wolfgang_Amadeus_Mozart/Piano_Sonata_no_14_K_457_II_Adagio/Piano_Sonata_no_14_K_457_II_Adagio_-_cut_3_t___65.48-_-90.870698_t___
Frédéric_Chopin/N_3___Etudes_Op_10/Etude_Op__10__no__3_in_E_major____Tristesse__-_cut_7_t___181.761854-_-212.342542_t___
Johannes_Brahms/Symphony_No_3_in_F_Major_Op_90_II_Andante/Brams_Symphony_No_3_in_F_Op_90_II_Andante_from_wav_-_cut_2_t___29.895708-_-59.059979_t___
Johann_Sebastian_Bach/Toccata_and_Fugue_in_D_minor_BWV_565/Toccata_and_Fugue_in_D_minor_BWV_565_Organ_-_cut_13_t___381.222021-_-395.200396_t___
Frédéric_Chopin/Mazurkas_Op_56_N_3/Mazurka_in_C_minor__Op__56_no__3_from_m4a_-_cut_11_t___365.717187-_--1_t___
Ludwig_van_Beethoven/Beethoven_Symphony_no_1_in_C_major_Op_21_II_Andante_cantabile_con_moto/Symphony_No_1_in_C_major_Op_21_II_Andante_cantabile_con_moto_from_wav_-_cut_4_t___90.543396-_-117.397271_t___
Frédéric_Chopin/Ballade_no_4_Op_52/Ballade_no__2__Frank_Levy_COMPRIMIDO_from_m4a_-_cut_23_t___660.496458-_-694.531792_t___
Frédéric_Chopin/Funeral_March_in_C_minor_Op_posth_72_no_2/Funeral_March_in_C_minor__Op__posth__72_no__2_from_m4a_-_cut_4_t___93.341354-_-117.474042_t___
Ludwig_van_Beethoven/Beethoven_Symphony_no_1_in_C_major_Op_21_IV_Adagio_Allegro_molto_e_vivace/Symphony_No_1_in_C_major_Op_21_IV_Adagio_Allegro_molto_e_vivace_from_wav_-_cut_7_t___180.645104-_-211.554104_t___
Ludwig_van_Beethoven/Beethoven_9th_Symphony_Op_125_I_Allegro_Ma_Non_Troppo_un_Poco_Maestoso/IMSLP7_1_-_cut_2_t___25.553542-_-57.039792_t___
Ludwig_van_Beethoven/Sinfona_n_7_de_Beethoven_Op_92_3_Presto/Beethoven_Symphony_No_7_in_A_major_op_92_III_Presto_-_cut_13_t___330.808771-_-355.955979_t___
Frédéric_Chopin/Piano_Sonata_no_2_in_Bflat_minor_Funeral_March_op_35_MOV_1/Sonata_no__2_in_B_flat_minor__Funeral_march____I__Grave__Doppio_movimento_-_cut_7_t___172.919229-_-181.776792_t___
Johannes_Brahms/Symphony_No_1_in_C_minor_Op_68_II_Andante_sostenuto/Symphony_No_1_in_C_Minor_Op_68_II_Andante_sostenuto_from_m4a_-_cut_15_t___419.984771-_-447.913375_t___
Frédéric_Chopin/Mazurkas_Op_6_N_3/Mazurka_in_E_major__Op__6_no__3_EDIT_from_wav_-_cut_1_t___0.0-_-31.561958_t___
Frédéric_Chopin/Mazurkas_Op_17_N_4/Mazurka_in_A_minor__Op__17_no__4_-_cut_1_t___0.0-_-29.454521_t___
Frédéric_Chopin/Nocturne_in_Csharp_minor_Lento_con_gran_espressione_B_49_Op_posth/Nocturne_in_C_sharp_minor__Lento_con_gran_espressione___B__49__Op__posth___-_cut_1_t___0.0-_-29.473792_t___
Ludwig_van_Beethoven/Symphony_no_1_in_C_major_Op_21_II_Andante_cantabile_con_moto/Symphony_No_1_in_C_major_Op_21_II_Andante_cantabile_con_moto_1_from_wav_-_cut_4_t___90.543396-_-117.397271_t___
Ludwig_van_Beethoven/Symphony_no_1_in_C_major_Op_21_I_Adagio_molto_allegro_con_brio/Symphony_no_1_in_C_Op_21_I_Adagio_molto_Allegro_con_brio_1_-_cut_18_t___505.520312-_--1_t___
Antonin_Dvorak/Dvok_Symphony_no_8_Op_88_I_Allegro_con_brio/Symphony_no_8_Op_88_I_Allegro_con_brio_-_cut_19_t___540.154693-_-572.766797_t___
Ludwig_van_Beethoven/Beethoven_9th_Symphony_Op_125_III_Adagio_Molto_e_Cantabile/Beethoven_Symphony_No_9_in_D_minor_Op_125_III_Adagio_Molto_e_Cantabile_from_wav_-_cut_15_t___422.132062-_-451.981312_t___
Wolfgang_Amadeus_Mozart/Piano_Sonata_no_14_K_457_II_Adagio/Piano_Sonata_no_14_K_457_II_Adagio_-_cut_6_t___154.870698-_-181.949786_t___
Ludwig_van_Beethoven/Beethoven_Symphony_no_1_in_C_major_Op_21_II_Andante_cantabile_con_moto/Symphony_No_1_in_C_major_Op_21_II_Andante_cantabile_con_moto_from_wav_-_cut_12_t___327.266771-_-350.684083_t___
Frédéric_Chopin/Valsa_Minuto_2/Waltz_in_C_sharp_minor_Op_64_no_2_-_cut_3_t___66.025917-_-88.050062_t___
Johannes_Brahms/Symphony_No_1_in_C_minor_Op_68_I_Un_poco_sostenuto_Allegro/Symphony_No_1_in_C_Minor_Op_68_I_Un_poco_sostenuto_Allegro_from_m4a_-_cut_26_t___690.251583-_-716.541979_t___
Ludwig_van_Beethoven/Beethoven_9th_Symphony_Op_125_II_Scherzo_Molto_Vivace_Presto/Beethoven_Symphony_No_9_II_Scherzo_Molto_Vivace_Presto_from_wav_-_cut_21_t___538.630062-_-572.775_t___
Frédéric_Chopin/Preludes_Op_28_6/Preludes_Op_28_No_6_Tolling_bells_-_cut_4_t___88.746646-_-123.019312_t___
Frédéric_Chopin/Piano_Sonata_no_2_in_Bflat_minor_Funeral_March_op_35_MOV_2/Sonata_no_2_in_B_flat_minor_Funeral_march_II_Scherzo_-_cut_4_t___90.789083-_-123.42475_t___
Ludwig_van_Beethoven/Beethoven_9th_Symphony_Op_125_II_Scherzo_Molto_Vivace_Presto/Beethoven_Symphony_No_9_II_Scherzo_Molto_Vivace_Presto_from_wav_-_cut_8_t___175.973167-_-207.025562_t___
Johannes_Brahms/Symphony_No_4_in_E_Minor_Op_98_II_Andante_moderato/Symphony_No_4_in_E_Minor_Op_98_II_Andante_Moderato_from_m4a_-_cut_7_t___208.711812-_-241.637708_t___
Ludwig_van_Beethoven/Symphony_no_1_in_C_major_Op_21_III_Minuetto_and_trio/Symphony_No_1_in_C_major_Op_21_III_Minuetto_and_trio_1_from_wav_-_cut_4_t___94.924542-_-122.800104_t___
Ludwig_van_Beethoven/Beethoven_9th_Symphony_Op_125_I_Allegro_Ma_Non_Troppo_un_Poco_Maestoso/IMSLP7_1_-_cut_17_t___478.326562-_-513.076687_t___
Frédéric_Chopin/Nocturne_in_Csharp_minor_Lento_con_gran_espressione_B_49_Op_posth/Nocturne_in_C_sharp_minor__Lento_con_gran_espressione___B__49__Op__posth____2__from_m4a_-_cut_8_t___211.317667-_--1_t___
Ludwig_van_Beethoven/Beethoven_Symphony_no_1_in_C_major_Op_21_IV_Adagio_Allegro_molto_e_vivace/Symphony_No_1_in_C_major_Op_21_IV_Adagio_Allegro_molto_e_vivace_from_wav_-_cut_2_t___25.681271-_-56.389667_t___
Frédéric_Chopin/Mazurkas_Op_7_N_3/Mazurka_in_F_minor__Op__7_no__3_-_cut_1_t___0.0-_-29.590271_t___
Johannes_Brahms/Symphony_no_2_in_D_major_Op_73_IV_Allegro_Con_Spirito/Symphony_No_2_in_D_Major_Op_73_IV_Allegro_Con_Spirito_from_m4a_-_cut_12_t___333.750833-_-358.631042_t___
Frédéric_Chopin/Waltzes_Op_69_2/Waltz_in_B_minor_Op_69_no_2_-_cut_2_t___31.184396-_-59.872646_t___
Johannes_Brahms/Symphony_No_3_in_F_Major_Op_90_II_Andante/Symphony_No_3_in_F_Major_Op_90_II_Andante_from_m4a_-_cut_5_t___124.482208-_-153.620562_t___
Ludwig_van_Beethoven/Symphony_no_1_in_C_major_Op_21_IV_Adagio_Allegro_molto_e_vivace/Symphony_No_1_in_C_major_Op_21_IV_Adagio_Allegro_molto_e_vivace_1_from_wav_-_cut_5_t___120.74375-_-151.503521_t___
Ludwig_van_Beethoven/Beethoven_9th_Symphony_Op_125_III_Adagio_Molto_e_Cantabile/Beethoven_Symphony_No_9_in_D_minor_Op_125_III_Adagio_Molto_e_Cantabile_from_wav_-_cut_19_t___533.951-_-577.097958_t___
Frédéric_Chopin/Polonaise_No_2_in_C_Minor_Op_40/Polonaise_in_C_minor_Op_40_no_2_-_cut_15_t___422.248833-_-457.078771_t___
Antonin_Dvorak/Dvok_Symphony_no_7_Op_70_I_Allegro_maestoso/Symphony_no_7_Op_70_I_Allegro_maestoso_-_cut_19_t___541.30352-_-568.877125_t___
Frédéric_Chopin/Waltzes_Op_70_2/Waltz_in_F_minor_Op_70_no_2_1_from_m4a_-_cut_5_t___121.11525-_-155.620083_t___
Ludwig_van_Beethoven/Sinfona_n_7_de_Beethoven_Op_92_3_Presto/Beethoven_Symphony_No_7_in_A_major_op_92_III_Presto_-_cut_8_t___179.236521-_-211.609042_t___
Wolfgang_Amadeus_Mozart/Requiem_Mozart_VII_Agnus_Dei_MozartSssmayr/IMSLP581269_PMLP02751_Mozart_Requiem_13_Karajan_1962_from_wav_-_cut_1_t___0.0-_-33.83_t___
Wolfgang_Amadeus_Mozart/Piano_Sonata_no_14_K_457_II_Adagio/Piano_Sonata_no_14_K_457_II_Adagio_-_cut_15_t___480.514603-_--1_t___
Frédéric_Chopin/Piano_Sonata_no_2_in_Bflat_minor_Funeral_March_op_35_MOV_2/Sonata_no_2_in_B_flat_minor_Funeral_march_II_Scherzo_1_-_cut_1_t___0.0-_-32.289104_t___
Ludwig_van_Beethoven/Beethoven_Symphony_no_1_in_C_major_Op_21_IV_Adagio_Allegro_molto_e_vivace/Symphony_no_1_in_C_Op_21_IV_Adagio_Allegro_molto_e_vivace_-_cut_10_t___268.993812-_-302.508562_t___
Frédéric_Chopin/Nocturne_in_Csharp_minor_Lento_con_gran_espressione_B_49_Op_posth/Nocturne_in_C_sharp_minor__Lento_con_gran_espressione___B__49__Op__posth____1__-_cut_7_t___182.078646-_-207.643812_t___
Wolfgang_Amadeus_Mozart/Fantasia_in_D_minor_K_397/ESTE Fantasia_in_D_minor_K_397_-_cut_8_t___213.997979-_-241.477958_t___
Antonin_Dvorak/Dvok_Serenade_for_Wind_Instruments_Op_44_III_Andante_con_moto/Dvo_k_Serenade_for_Wind_in_D_minor_Op_44_3_Andante_con_moto_-_cut_15_t___420.75873-_--1_t___
Pyotr_Ilyich_Tchaikovsky/Symphony_no_6_in_B_minor_Pathtique_Op_74_I_Adagio_Allegro_non_troppo_Andante/Symphony_No_6_In_B_Minor_Op_74_Pathetique_I_Adagio_Allegro_Non_Troppo_from_m4a_-_cut_20_t___729.452897-_-751.622784_t___
Johann_Sebastian_Bach/Fugue_in_G_minor_Little_BWV_578/Fugue_in_G_Minor_The_Little_from_m4a_-_cut_3_t___61.807042-_-74.636062_t___
Wolfgang_Amadeus_Mozart/Requiem_Mozart_VIII_Communio_Lux_aeterna_MozartSssmayr/IMSLP581270_PMLP02751_Mozart_Requiem_14_Karajan_1962_from_wav_-_cut_3_t___69.730448-_-91.230448_t___
Frédéric_Chopin/N_3___Etudes_Op_10/Etude_Op__10__no__3_in_E_major____Tristesse__from_m4a_-_cut_7_t___210.175562-_-237.37775_t___
Wolfgang_Amadeus_Mozart/Piano_Sonata_no_3_K_281_3_Rondo_Allegro/Rondeau_Allegro_-_cut_8_t___211.407405-_-242.687405_t___
Ludwig_van_Beethoven/Symphony_no_2_in_D_Major_Op_36_IV_Allegro_molto/Symphony_no_2_in_D_Major_Op_36_IV_Allegro_molto_from_wav_-_cut_12_t___324.142708-_-358.635958_t___
Pyotr_Ilyich_Tchaikovsky/Symphony_no_6_in_B_minor_Pathtique_Op_74_IV_Finale_Adagio_lamentoso_Andante/Symphony_No_6_in_B_minor_Op_74_Pathetique_IV_Finale_Adagio_lamentoso_from_m4a_-_cut_11_t___302.056884-_-331.786884_t___
Frédéric_Chopin/Ballade_no_4_Op_52/Ballade_no__2__Frank_Levy_COMPRIMIDO_from_m4a_-_cut_3_t___59.461729-_-89.119437_t___
Frédéric_Chopin/Variations_on_La_Ci_Darem_la_Mano_Op_2/X2Download_app_Chopin_Variations_on_L_ci_darem_la_mano_op_2_128_kbps_-_cut_6_t___148.709792-_-182.436812_t___
Wolfgang_Amadeus_Mozart/Requiem_Mozart_VII_Agnus_Dei_MozartSssmayr/IMSLP581269_PMLP02751_Mozart_Requiem_13_Karajan_1962_from_wav_-_cut_6_t___153.095174-_-181.795174_t___
Ludwig_van_Beethoven/Symphony_no_1_in_C_major_Op_21_I_Adagio_molto_allegro_con_brio/Symphony_no_1_in_C_Op_21_I_Adagio_molto_Allegro_con_brio_1_-_cut_15_t___422.091458-_-453.717021_t___
Wolfgang_Amadeus_Mozart/Fantasia_in_D_minor_K_397/Fantasia_in_Dm_K_397_Adagio_-_cut_1_t___0.0-_-33.21_t___
Frédéric_Chopin/Variations_on_La_Ci_Darem_la_Mano_Op_2/X2Download_app_Chopin_Variations_on_L_ci_darem_la_mano_op_2_128_kbps_-_cut_4_t___86.898271-_-124.804854_t___
Johannes_Brahms/Symphony_No_1_in_C_minor_Op_68_I_Un_poco_sostenuto_Allegro/Symphony_No_1_in_C_Minor_Op_68_I_Un_poco_sostenuto_Allegro_from_m4a_-_cut_14_t___331.492479-_-359.979812_t___
Ludwig_van_Beethoven/Mazurkas_Op_63_N_2/Mazurkaa_in_F_minor__Op__63_no__2_from_m4a_-_cut_1_t___0.0-_-29.384854_t___
Frédéric_Chopin/Nocturnes_Op_62_N_2/Nocturne_in_E_major__Op__62_no__2_from_m4a_-_cut_9_t___238.828687-_-268.805646_t___
Johannes_Brahms/Symphony_No_3_in_F_Major_Op_90_II_Andante/Brahms_Symphony_No_3_in_F_major_Op_90_II_Audante_from_wav_-_cut_5_t___128.863542-_-156.495292_t___
Ludwig_van_Beethoven/Sinfona_n_7_de_Beethoven_Op_92_1_Poco_sostenuto_vivace/L_V_Beethoven_Sinfon_a_No_7_en_La_Mayor_Op_92_Mov_1_Poco_sostenuto_Vivace_-_cut_27_t___782.494875-_-813.528354_t___
Johannes_Brahms/Symphony_No_3_in_F_Major_Op_90_II_Andante/Symphony_No_3_in_F_Major_Op_90_II_Andante_from_m4a_-_cut_7_t___180.660208-_-209.998604_t___
Antonin_Dvorak/Dvok_Symphony_no_8_Op_88_I_Allegro_con_brio/Symphony_no_8_Op_88_I_Allegro_con_brio_-_cut_10_t___270.148166-_-301.461998_t___
Frédéric_Chopin/Nocturnes_Op_27_N_1/Nocturne_in_C_sharp_minor__Op__27_no__1_from_m4a_-_cut_1_t___0.0-_-30.627104_t___
Ludwig_van_Beethoven/Beethoven_9th_Symphony_Op_125_IV_Presto_Allegro_Assai/Beethoven_Symphony_No_9_in_D_minor_Op_125_IV_Final_from_wav_-_cut_6_t___117.7145-_-154.878021_t___
Johannes_Brahms/Symphony_No_3_in_F_Major_Op_90_I_Allegro_con_brio/Brams_Symphony_No_3_in_F_Op_90_I_Allegro_con_brio_from_wav_-_cut_6_t___145.23425-_-180.38725_t___
Johannes_Brahms/Symphony_no_2_in_D_major_Op_73_I_Allegro_non_troppo/Symphony_No_2_in_D_Major_Op_73_I_Allegro_non_troppo_from_m4a_-_cut_5_t___126.023437-_-151.751146_t___
Johannes_Brahms/Symphony_No_3_in_F_Major_Op_90_III_Poco_allegretto/Brahms_Symphony_No_3_in_F_major_Op_90_III_Poco_allegreto_from_wav_-_cut_11_t___303.937437-_-331.128_t___
Johannes_Brahms/Symphony_No_1_in_C_minor_Op_68_I_Un_poco_sostenuto_Allegro/Symphony_No_1_in_C_Minor_Op_68_I_Un_poco_sostenuto_Allegro_from_m4a_-_cut_30_t___811.547437-_-843.887187_t___
Ludwig_van_Beethoven/Symphony_no_1_in_C_major_Op_21_III_Minuetto_and_trio/Symphony_No_1_in_C_major_Op_21_III_Minuetto_and_trio_1_from_wav_-_cut_2_t___35.8515-_-62.600875_t___
Ludwig_van_Beethoven/Beethoven_9th_Symphony_Op_125_III_Adagio_Molto_e_Cantabile/Beethoven_Symphony_No_9_in_D_minor_Op_125_III_Adagio_Molto_e_Cantabile_from_wav_-_cut_32_t___931.674292-_-965.447708_t___
Johannes_Brahms/Symphony_No_4_in_E_Minor_Op_98_IV_Allegro_energico_e_passionato/Symphony_No_4_in_E_Minor_Op_98_IV_Allegro_Energico_e_Passionato_-_cut_13_t___366.195042-_-387.476125_t___
Frédéric_Chopin/Piano_Sonata_no_2_in_Bflat_minor_Funeral_March_op_35_MOV_2/Sonata_no_2_in_B_flat_minor_Funeral_march_II_Scherzo_1_-_cut_12_t___328.909917-_-362.339812_t___
Ludwig_van_Beethoven/Sinfona_n_7_de_Beethoven_Op_92_1_Poco_sostenuto_vivace/L_V_Beethoven_Sinfon_a_No_7_en_La_Mayor_Op_92_Mov_1_Poco_sostenuto_Vivace_-_cut_18_t___385.618125-_-544.229854_t___
Frédéric_Chopin/Preludes_Op_20/Preludes_Op_28_No_20_Funeral_march_from_m4a_-_cut_3_t___64.815021-_-98.518771_t___
Frédéric_Chopin/Nocturnes_Op_48_N_2/Nocturne_in_F_sharp_minor__Op__48_no__2_-_cut_7_t___187.582646-_-209.397792_t___
Frédéric_Chopin/Mazurkas_Op_6_N_2/Mazurka_in_C_sharp_minor__Op__6_no__2_EDIT_from_wav_-_cut_3_t___58.00875-_-90.632792_t___
Frédéric_Chopin/Piano_Sonata_no_2_in_Bflat_minor_Funeral_March_op_35_MOV_4/Sonata_no_2_in_B_flat_minor_Funeral_march_IV_Finale_Presto_1_-_cut_1_t___0.0-_-33.770562_t___
Ludwig_van_Beethoven/Beethoven_9th_Symphony_Op_125_III_Adagio_Molto_e_Cantabile/Beethoven_Symphony_No_9_in_D_minor_Op_125_III_Adagio_Molto_e_Cantabile_from_wav_-_cut_9_t___245.484687-_-276.248292_t___
Abel_Moreno/La_Madruga/La_Madruga_Marcha_de_Palio_Seville_Procession_-_cut_14_t___392.92393-_-422.657068_t___
Antonin_Dvorak/Dvok_Symphony_no_7_Op_70_I_Allegro_maestoso/Symphony_no_7_Op_70_I_Allegro_maestoso_-_cut_5_t___119.584171-_-149.718584_t___
Johannes_Brahms/Symphony_No_1_in_C_minor_Op_68_IV_Adagio_Piu_andante_Allegro_non_troppo_ma_con_brio/SYMPHO_1_from_m4a_-_cut_31_t___957.486187-_-995.996521_t___
Frédéric_Chopin/Impromptu_no_3_in_Gflat_major_Op_51/Impromptu_no__3_in_G_flat_major__Op__51__1__from_m4a_-_cut_5_t___121.663812-_-153.718958_t___
Johannes_Brahms/Symphony_no_2_in_D_major_Op_73_II_Adagio_non_toppo/Symphony_No_2_in_D_Major_Op_73_II_Adagio_non_toppo_from_m4a_-_cut_7_t___178.166708-_-212.149125_t___
Antonin_Dvorak/Dvok_Serenade_for_Wind_Instruments_Op_44_I_Moderato_quasi_Marcia/Dvo_k_Serenade_for_Wind_in_D_minor_Op_44_1_Moderato_quasi_marcia_-_cut_3_t___52.204181-_-92.123553_t___
Frédéric_Chopin/Nocturnes_Op_48_N_1/Nocturne_in_C_minor__Op__48_no__1_-_cut_6_t___153.221271-_-182.420375_t___
Johannes_Brahms/Symphony_No_3_in_F_Major_Op_90_II_Andante/Symphony_No_3_in_F_Major_Op_90_II_Andante_from_m4a_-_cut_1_t___0.0-_-30.406542_t___
Frédéric_Chopin/Mazurkas_Op_17_N_4/Mazurka_in_A_minor__Op__17_no__4_-_cut_4_t___90.476562-_-122.438833_t___
Johannes_Brahms/Symphony_No_3_in_F_Major_Op_90_I_Allegro_con_brio/Brams_Symphony_No_3_in_F_Op_90_I_Allegro_con_brio_from_wav_-_cut_22_t___637.748729-_-666.030396_t___
Frédéric_Chopin/Nocturnes_Op_62_N_1/Nocturne_in_B_major__Op__62_no__1_EDIT_from_wav_-_cut_6_t___148.937-_-181.404667_t___
Johannes_Brahms/Symphony_no_2_in_D_major_Op_73_I_Allegro_non_troppo/Symphony_No_2_in_D_Major_Op_73_I_Allegro_non_troppo_from_m4a_-_cut_9_t___244.91625-_-272.367104_t___
Wolfgang_Amadeus_Mozart/Piano_Sonata_no_17_in_BFlat_Major_K_570_2_Adagio/02_1_Allegro_2_Adagio_3_Allegretto_RECORTADO_-_cut_7_t___186.286707-_-216.186707_t___
Frédéric_Chopin/Waltzes_Op_34_2/Waltz_in_A_minor_Op_34_no_2_-_cut_4_t___92.915292-_-125.980542_t___
Pyotr_Ilyich_Tchaikovsky/Symphony_no_6_in_B_minor_Pathtique_Op_74_IV_Finale_Adagio_lamentoso_Andante/Symphony_No_6_in_B_minor_Op_74_Pathetique_IV_Finale_Adagio_lamentoso_from_m4a_-_cut_8_t___213.186884-_-243.066884_t___
Antonin_Dvorak/Dvok_Serenade_for_Wind_Instruments_Op_44_III_Andante_con_moto/Dvo_k_Serenade_for_Wind_in_D_minor_Op_44_3_Andante_con_moto_-_cut_7_t___186.081913-_-217.539927_t___
Frédéric_Chopin/Mazurkas_Op_63_N_3/Mazurka_in_C_sharp_minor__Op__63_no__3_EDIT_from_wav_-_cut_4_t___95.502729-_-125.229687_t___
Wolfgang_Amadeus_Mozart/Piano_Sonata_no_14_K_457_I_Allegro/Piano_Sonata_no_14_K_457_I_Allegro_Second_repeat_omitted_-_cut_4_t___90.793024-_-121.823024_t___
Frédéric_Chopin/Waltzes_Op_70_2/Waltz_in_F_minor_Op_70_no_2_1_-_cut_2_t___31.718458-_-65.097146_t___
Frédéric_Chopin/Nocturnes_Op_37_N_1/Nocturne_Op__37_no__1_in_G_minor_EDIT_from_wav_-_cut_3_t___56.761187-_-93.762187_t___
Johannes_Brahms/Symphony_No_1_in_C_minor_Op_68_IV_Adagio_Piu_andante_Allegro_non_troppo_ma_con_brio/SYMPHO_1_from_m4a_-_cut_13_t___395.735375-_-415.692229_t___
Johannes_Brahms/Symphony_No_4_in_E_Minor_Op_98_II_Andante_moderato/Symphony_No_4_in_E_Minor_Op_98_II_Andante_Moderato_from_m4a_-_cut_14_t___419.146521-_-455.032979_t___
Frédéric_Chopin/Berceuse_Op_57/Berceuse_in_D_flat_major__Op__57___1__-_cut_10_t___272.726062-_-297.181646_t___
Ludwig_van_Beethoven/Beethoven_9th_Symphony_Op_125_I_Allegro_Ma_Non_Troppo_un_Poco_Maestoso/IMSLP484062_PMLP01607_beethoven_9_01_concertgebouw_klemperer_1956_16048_-_cut_14_t___392.024833-_-418.087542_t___
Wolfgang_Amadeus_Mozart/Piano_Sonata_no_14_K_457_II_Adagio/Piano_Sonata_no_14_K_457_II_Adagio_-_cut_8_t___210.659786-_-249.098974_t___
Wolfgang_Amadeus_Mozart/Piano_Sonata_no_14_K_457_I_Allegro/Piano_Sonata_no_14_K_457_I_Allegro_Second_repeat_omitted_-_cut_11_t___301.055582-_-331.674816_t___
Frédéric_Chopin/Nocturnes_Op_62_N_2/Nocturne_in_E_major__Op__62_no__2_-_cut_13_t___365.526792-_-396.223562_t___
Ludwig_van_Beethoven/Beethoven_Symphony_no_1_in_C_major_Op_21_II_Andante_cantabile_con_moto/Symphony_no_1_in_C_Op_21_II_Andante_cantibile_con_moto_-_cut_4_t___86.180437-_-116.122562_t___
Frédéric_Chopin/Waltzes_Op_69_2/Waltz_in_B_minor_Op_69_no_2_from_m4a_-_cut_7_t___175.221687-_-207.8225_t___
Frédéric_Chopin/Ballade_no_4_Op_52/Ballade_no__2__Frank_Levy_COMPRIMIDO_from_m4a_-_cut_18_t___515.376896-_-544.906875_t___
Frédéric_Chopin/Nocturnes_Op_62_N_1/Nocturne_in_B_major__Op__62_no__1_EDIT_from_wav_-_cut_13_t___356.394625-_--1_t___
Antonin_Dvorak/Dvok_Serenade_for_Wind_Instruments_Op_44_III_Andante_con_moto/Dvo_k_Serenade_for_Wind_in_D_minor_Op_44_3_Andante_con_moto_-_cut_2_t___24.135346-_-56.196274_t___
Frédéric_Chopin/Nocturnes_Op_62_N_1/Nocturne_in_B_major__Op__62_no__1_EDIT_from_wav_-_cut_12_t___329.146042-_-356.394625_t___
Johannes_Brahms/Symphony_No_3_in_F_Major_Op_90_III_Poco_allegretto/Brahms_Symphony_No_3_in_F_major_Op_90_III_Poco_allegreto_from_wav_-_cut_4_t___95.538833-_-121.97475_t___
Jose_Perez_Ballester/Solemnidad/SOLEMNIDAD_Jos_P_rez_Ballester_-_cut_8_t___210.799083-_-239.851229_t___
Abel_Moreno/La_Madruga/La_Madruga_Marcha_de_Palio_Seville_Procession_-_cut_6_t___143.402374-_-176.525584_t___
Ludwig_van_Beethoven/Beethoven_9th_Symphony_Op_125_I_Allegro_Ma_Non_Troppo_un_Poco_Maestoso/IMSLP484062_PMLP01607_beethoven_9_01_concertgebouw_klemperer_1956_16048_-_cut_10_t___269.703875-_-298.670771_t___
Johann_Sebastian_Bach/Fugue_in_G_minor_Little_BWV_578/Fugue_in_G_Minor_The_Little_from_m4a_-_cut_4_t___74.636062-_-89.624542_t___
Frédéric_Chopin/Waltzes_Op_69_2/Waltz_in_B_minor_Op_69_no_2_from_m4a_-_cut_2_t___32.368625-_-62.593333_t___
Frédéric_Chopin/Valsa_Minuto_2/Waltz_in_C_sharp_minor_Op_64_no_2_from_m4a_-_cut_1_t___0.0-_-29.210708_t___
Frédéric_Chopin/Valsa_Minuto_2/Waltz_in_C_sharp_minor_Op_64_no_2_from_m4a_-_cut_5_t___116.748271-_-145.250771_t___
Jose_Perez_Ballester/Solemnidad/SOLEMNIDAD_Jos_P_rez_Ballester_-_cut_1_t___0.0-_-29.608854_t___
Ludwig_van_Beethoven/Coriolan_Overture_Op_62/Coriolan_Overture_Op_62_from_m4a_-_cut_9_t___244.703854-_-270.782104_t___
Ludwig_van_Beethoven/Coriolan_Overture_Op_62/Coriolan_Overture_Op_62_from_m4a_-_cut_3_t___61.184583-_-88.456417_t___
Frédéric_Chopin/Piano_Sonata_no_2_in_Bflat_minor_Funeral_March_op_35_MOV_1/Sonata_no__2_in_B_flat_minor__Funeral_march____I__Grave__Doppio_movimento__1__-_cut_6_t___150.258542-_-181.776792_t___
Johannes_Brahms/Symphony_No_1_in_C_minor_Op_68_III_Un_poco_allegretto_e_grazioso/Symphony_No_1_in_C_Minor_Op_68_III_Un_poco_allegretto_e_grazioso_from_m4a_-_cut_6_t___151.874125-_-186.604229_t___
Johannes_Brahms/Symphony_No_4_in_E_Minor_Op_98_II_Andante_moderato/Symphony_No_4_in_E_Minor_Op_98_II_Andante_Moderato_from_m4a_-_cut_6_t___159.412125-_-208.711812_t___
Frédéric_Chopin/Piano_Sonata_no_2_in_Bflat_minor_Funeral_March_op_35_MOV_3/Sonata_no_2_in_B_flat_minor_Funeral_march_III_Marche_Funebre_Lento_-_cut_5_t___117.341292-_-154.307458_t___
Frédéric_Chopin/Piano_Sonata_no_2_in_Bflat_minor_Funeral_March_op_35_MOV_3/Sonata_no_2_in_B_flat_minor_Funeral_march_III_Marche_Funebre_Lento_-_cut_20_t___571.071562-_--1_t___
Ludwig_van_Beethoven/Coriolan_Overture_Op_62/Coriolan_Overture_Op_62_from_m4a_-_cut_1_t___0.0-_-31.811354_t___
Frédéric_Chopin/Mazurkas_Op_56_N_2/Mazurka_in_C_major__Op__56_no__2_from_m4a_-_cut_2_t___32.423354-_-60.965604_t___
Johannes_Brahms/Symphony_No_4_in_E_Minor_Op_98_II_Andante_moderato/Symphony_No_4_in_E_Minor_Op_98_II_Andante_Moderato_from_m4a_-_cut_22_t___663.980583-_--1_t___
Frédéric_Chopin/Polonaise_in_Fsharp_minor_Op_44/Polonaise_in_F_sharp_minor_Op_44_EDIT_from_wav_-_cut_12_t___326.030854-_-366.491625_t___
Frédéric_Chopin/Mazurkas_Op_56_N_1/Mazurka_in_B_major__Op__56_no__1_-_cut_8_t___227.973812-_-244.030417_t___
Frédéric_Chopin/Valsa_Minuto_2/Waltz_in_C_sharp_minor_Op_64_no_2_-_cut_2_t___29.442896-_-66.025917_t___
Frédéric_Chopin/Mazurkas_Op_63_N_1/Mazurka_in_B_major__Op__63_no__1_EDIT_from_wav_-_cut_4_t___95.16025-_-125.155354_t___
Ludwig_van_Beethoven/Mazurkas_Op_63_N_2/Mazurkaa_in_F_minor__Op__63_no__2_-_cut_3_t___63.087062-_-85.204062_t___
Wolfgang_Amadeus_Mozart/Piano_Sonata_no_14_K_457_II_Adagio/Piano_Sonata_no_14_K_457_II_Adagio_-_cut_14_t___450.701877-_-480.514603_t___
Abel_Moreno/La_Madruga/La_Madruga_Marcha_de_Palio_Seville_Procession_-_cut_1_t___0.0-_-30.797218_t___
Johannes_Brahms/Symphony_no_2_in_D_major_Op_73_I_Allegro_non_troppo/Symphony_No_2_in_D_Major_Op_73_I_Allegro_non_troppo_from_m4a_-_cut_23_t___660.085062-_-697.274833_t___
Ludwig_van_Beethoven/Beethoven_Symphony_no_1_in_C_major_Op_21_II_Andante_cantabile_con_moto/Symphony_No_1_in_C_major_Op_21_II_Andante_cantabile_con_moto_from_wav_-_cut_10_t___274.762458-_-298.764271_t___
Ludwig_van_Beethoven/Beethoven_Symphony_no_1_in_C_major_Op_21_IV_Adagio_Allegro_molto_e_vivace/Symphony_no_1_in_C_Op_21_IV_Adagio_Allegro_molto_e_vivace_-_cut_5_t___120.716562-_-146.815792_t___
Frédéric_Chopin/Nocturne_in_Csharp_minor_Lento_con_gran_espressione_B_49_Op_posth/Nocturne_in_C_sharp_minor__Lento_con_gran_espressione___B__49__Op__posth___from_m4a_-_cut_3_t___61.7535-_-92.856625_t___
Ludwig_van_Beethoven/Beethoven_9th_Symphony_Op_125_I_Allegro_Ma_Non_Troppo_un_Poco_Maestoso/IMSLP7_1_-_cut_10_t___264.002937-_-295.423083_t___
Ludwig_van_Beethoven/Sinfona_n_7_de_Beethoven_Op_92_2_Allegretto/L_V_Beethoven_Sinfon_a_No_7_en_La_Mayor_Op_92_Mov_2_Allegretto_-_cut_16_t___452.955458-_-480.06475_t___
Ludwig_van_Beethoven/Beethoven_Symphony_no_1_in_C_major_Op_21_I_Adagio_molto_allegro_con_brio/Symphony_no_1_in_C_Op_21_I_Adagio_molto_Allegro_con_brio_-_cut_3_t___60.077792-_-91.953417_t___
Johannes_Brahms/Symphony_No_3_in_F_Major_Op_90_I_Allegro_con_brio/Brams_Symphony_No_3_in_F_Op_90_I_Allegro_con_brio_from_wav_-_cut_12_t___329.937042-_-357.355729_t___
Ludwig_van_Beethoven/Mazurkas_Op_63_N_2/Mazurka_in_F_minor__Op__63_no__2__-_cut_1_t___0.0-_-33.217104_t___
Frédéric_Chopin/Polonaise_in_Fsharp_minor_Op_44/Polonaise_in_F_sharp_minor_Op_44_EDIT_from_wav_-_cut_4_t___90.8465-_-118.304083_t___
Johannes_Brahms/Symphony_No_3_in_F_Major_Op_90_II_Andante/Brams_Symphony_No_3_in_F_Op_90_II_Andante_from_wav_-_cut_12_t___329.474333-_-365.712312_t___
Wolfgang_Amadeus_Mozart/Piano_Sonata_no_14_K_457_III_Molto_allegro/Piano_Sonata_no_14_K_457_III_Molto_allegro_-_cut_3_t___63.73112-_-94.643977_t___
Frédéric_Chopin/Piano_Sonata_no_2_in_Bflat_minor_Funeral_March_op_35_MOV_1/Sonata_no__2_in_B_flat_minor__Funeral_march____I__Grave__Doppio_movimento_-_cut_2_t___26.36625-_-55.690333_t___
Wolfgang_Amadeus_Mozart/Piano_Sonata_no_17_in_BFlat_Major_K_570_2_Adagio/02_1_Allegro_2_Adagio_3_Allegretto_RECORTADO_-_cut_3_t___60.01-_-91.35_t___
Frédéric_Chopin/Nocturnes_Op_27_N_1/Nocturne_in_C_sharp_minor__Op__27_no__1_from_m4a_-_cut_12_t___328.198875-_--1_t___
Pyotr_Ilyich_Tchaikovsky/Symphony_no_6_in_B_minor_Pathtique_Op_74_I_Adagio_Allegro_non_troppo_Andante/Symphony_No_6_In_B_Minor_Op_74_Pathetique_I_Adagio_Allegro_Non_Troppo_from_m4a_-_cut_26_t___931.541891-_-961.524027_t___
Johannes_Brahms/Symphony_No_3_in_F_Major_Op_90_II_Andante/Symphony_No_3_in_F_Major_Op_90_II_Andante_from_m4a_-_cut_17_t___474.616604-_-510.804896_t___
Frédéric_Chopin/Mazurkas_Op_7_N_1/Mazurka_in_B_flat_major__Op__7_no__1_EDIT_from_wav_-_cut_5_t___117.729021-_-155.344333_t___
Ludwig_van_Beethoven/Beethoven_9th_Symphony_Op_125_IV_Presto_Allegro_Assai/Beethoven_Symphony_No_9_in_D_minor_Op_125_IV_Final_from_wav_-_cut_32_t___904.04375-_-926.475396_t___
Johannes_Brahms/Symphony_No_3_in_F_Major_Op_90_II_Andante/Brahms_Symphony_No_3_in_F_major_Op_90_II_Audante_from_wav_-_cut_8_t___217.389625-_-243.047687_t___
Ludwig_van_Beethoven/Symphony_no_1_in_C_major_Op_21_I_Adagio_molto_allegro_con_brio/Symphony_no_1_in_C_Op_21_I_Adagio_molto_Allegro_con_brio_1_-_cut_16_t___453.717021-_-474.9005_t___
Frédéric_Chopin/Polonaise_in_Fsharp_minor_Op_44/Polonaise_in_F_sharp_minor_Op_44_EDIT_from_wav_-_cut_2_t___34.202979-_-65.747292_t___
Ludwig_van_Beethoven/Beethoven_Symphony_no_1_in_C_major_Op_21_I_Adagio_molto_allegro_con_brio/Symphony_no_1_in_C_Op_21_I_Adagio_molto_Allegro_con_brio_-_cut_6_t___154.380271-_-183.660625_t___
Johannes_Brahms/Symphony_No_3_in_F_Major_Op_90_II_Andante/Brahms_Symphony_No_3_in_F_major_Op_90_II_Audante_from_wav_-_cut_7_t___182.466812-_-217.389625_t___
Frédéric_Chopin/Polonaise_in_Fsharp_minor_Op_44/Polonaise_in_F_sharp_minor_Op_44_EDIT_from_wav_-_cut_3_t___65.747292-_-90.8465_t___
Frédéric_Chopin/Nocturnes_Op_48_N_1/Nocturne_in_C_minor__Op__48_no__1_from_m4a_-_cut_10_t___271.9485-_-302.661958_t___
Ludwig_van_Beethoven/Beethoven_Symphony_no_1_in_C_major_Op_21_IV_Adagio_Allegro_molto_e_vivace/Symphony_No_1_in_C_major_Op_21_IV_Adagio_Allegro_molto_e_vivace_from_wav_-_cut_8_t___211.554104-_-241.124729_t___
Johannes_Brahms/Symphony_No_1_in_C_minor_Op_68_I_Un_poco_sostenuto_Allegro/Symphony_No_1_in_C_Minor_Op_68_I_Un_poco_sostenuto_Allegro_from_m4a_-_cut_24_t___641.629854-_-660.696125_t___
Frédéric_Chopin/Piano_Sonata_no_2_in_Bflat_minor_Funeral_March_op_35_MOV_3/Sonata_no_2_in_B_flat_minor_Funeral_march_III_Marche_Funebre_Lento_-_cut_6_t___154.307458-_-177.446896_t___
Ludwig_van_Beethoven/Coriolan_Overture_Op_62/Coriolan_Overture_Op_62_from_m4a_-_cut_2_t___31.811354-_-61.184583_t___
Frédéric_Chopin/Piano_Sonata_no_2_in_Bflat_minor_Funeral_March_op_35_MOV_2/Sonata_no_2_in_B_flat_minor_Funeral_march_II_Scherzo_1_-_cut_5_t___117.885458-_-152.680583_t___
Frédéric_Chopin/N_1___3_Notturni_op_9/Nocturne_in_B_flat_minor__Op__9_no__1_from_m4a_-_cut_10_t___275.695333-_-300.805521_t___
Frédéric_Chopin/Waltzes_Op_69_2/Waltz_in_B_minor_Op_69_no_2_-_cut_6_t___153.310917-_-180.693458_t___
Frédéric_Chopin/Waltzes_Op_69_1/Waltz_in_A_flat_major_Farewell_Op_69_no_1_-_cut_5_t___119.162792-_-154.538375_t___
Ludwig_van_Beethoven/Symphony_no_2_in_D_Major_Op_36_IV_Allegro_molto/Symphony_no_2_in_D_Major_Op_36_IV_Allegro_molto_-_cut_2_t___34.620958-_-61.082667_t___
Ludwig_van_Beethoven/Beethoven_9th_Symphony_Op_125_III_Adagio_Molto_e_Cantabile/Beethoven_Symphony_No_9_in_D_minor_Op_125_III_Adagio_Molto_e_Cantabile_from_wav_-_cut_25_t___729.325375-_-756.622229_t___
Ludwig_van_Beethoven/Coriolan_Overture_Op_62/Coriolan_Overture_Op_62_from_m4a_-_cut_17_t___475.469208-_--1_t___
Frédéric_Chopin/Polonaise_No_2_in_C_Minor_Op_40/Polonaise_in_C_minor_Op_40_no_2_-_cut_13_t___358.913812-_-387.503104_t___
Jose_Perez_Ballester/Solemnidad/SOLEMNIDAD_Jos_P_rez_Ballester_-_cut_5_t___120.843667-_-151.140125_t___
Johannes_Brahms/Symphony_No_3_in_F_Major_Op_90_I_Allegro_con_brio/Brams_Symphony_No_3_in_F_Op_90_I_Allegro_con_brio_from_wav_-_cut_24_t___691.449167-_-726.801542_t___
Francisco_Tarrega/23_Variaciones_sobre_el_carnaval_de_Venecia_de_Paganini/23_Variaciones_sobre_el_carnaval_de_Venecia_de_Paganini_from_m4a_-_cut_8_t___210.500019-_-241.243116_t___
Ludwig_van_Beethoven/Sinfona_n_7_de_Beethoven_Op_92_4_Allegro_con_brio/Beethoven_Symphony_No_7_in_A_major_op_92_IV_Allegro_con_brio_-_cut_7_t___186.350833-_-215.402896_t___
Ludwig_van_Beethoven/Beethoven_Symphony_no_1_in_C_major_Op_21_II_Andante_cantabile_con_moto/Symphony_no_1_in_C_Op_21_II_Andante_cantibile_con_moto_-_cut_15_t___418.262104-_--1_t___
Frédéric_Chopin/Waltzes_Op_69_2/Waltz_in_B_minor_Op_69_no_2_-_cut_4_t___91.000167-_-121.453146_t___
Frédéric_Chopin/Nocturnes_Op_62_N_2/Nocturne_in_E_major__Op__62_no__2_from_m4a_-_cut_7_t___181.246458-_-206.985771_t___
Frédéric_Chopin/Nocturne_in_Csharp_minor_Lento_con_gran_espressione_B_49_Op_posth/Nocturne_in_C_sharp_minor__Lento_con_gran_espressione___B__49__Op__posth____1__from_m4a_-_cut_2_t___29.059792-_-58.354396_t___
Ludwig_van_Beethoven/Symphony_no_1_in_C_major_Op_21_II_Andante_cantabile_con_moto/Symphony_no_1_in_C_Op_21_II_Andante_cantibile_con_moto_1_-_cut_13_t___364.521354-_-391.907458_t___
Johannes_Brahms/Symphony_no_2_in_D_major_Op_73_IV_Allegro_Con_Spirito/Symphony_No_2_in_D_Major_Op_73_IV_Allegro_Con_Spirito_from_m4a_-_cut_11_t___301.718896-_-333.750833_t___
Ludwig_van_Beethoven/Beethoven_Symphony_no_1_in_C_major_Op_21_III_Minuetto_and_trio/Symphony_No_1_in_C_major_Op_21_III_Minuetto_and_trio_from_wav_-_cut_5_t___122.800104-_-147.494521_t___
Frédéric_Chopin/Waltzes_Op_69_2/Waltz_in_B_minor_Op_69_no_2_-_cut_3_t___59.872646-_-91.000167_t___
Ludwig_van_Beethoven/March_for_Military_Band_WoO_24/Beethoven_March_for_Military_Band_WoO_24_-_cut_7_t___179.357896-_-207.616583_t___
Ludwig_van_Beethoven/Sinfona_n_7_de_Beethoven_Op_92_4_Allegro_con_brio/Beethoven_Symphony_No_7_in_A_major_op_92_IV_Allegro_con_brio_-_cut_11_t___335.395958-_-356.631479_t___
Wolfgang_Amadeus_Mozart/Fantasia_in_D_minor_K_397/Fantasia_in_Dm_K_397_-_cut_7_t___181.065312-_-210.935312_t___
Ludwig_van_Beethoven/Symphony_no_1_in_C_major_Op_21_II_Andante_cantabile_con_moto/Symphony_no_1_in_C_Op_21_II_Andante_cantibile_con_moto_1_-_cut_8_t___213.958854-_-243.900979_t___
Frédéric_Chopin/Preludes_Op_28_21/Preludes_Op_28_No_21_Sunday_-_cut_2_t___31.579146-_-64.42375_t___
Frédéric_Chopin/N_1___3_Notturni_op_9/Nocturne_in_B_flat_minor__Op__9_no__1_from_m4a_-_cut_7_t___180.899875-_-213.140771_t___
Abel_Moreno/La_Madruga/La_Madruga_Marcha_de_Palio_Seville_Procession_-_cut_9_t___237.443186-_-278.716654_t___
Frédéric_Chopin/Nocturnes_Op_37_N_1/Nocturne_Op__37_no__1_in_G_minor_EDIT_from_wav_-_cut_10_t___279.003458-_-299.913021_t___
Wolfgang_Amadeus_Mozart/Fantasia_in_D_minor_K_397/Fantasia_in_Dm_K_397_-_cut_10_t___273.575312-_-300.485312_t___
Frédéric_Chopin/Bolero_Op_19/Bolero__Op__19_from_m4a_-_cut_11_t___295.122771-_-332.681021_t___
Frédéric_Chopin/Mazurkas_Op_17_N_4/Mazurka_in_A_minor__Op__17_no__4__1__-_cut_6_t___146.002187-_-182.248562_t___
Frédéric_Chopin/Nocturnes_Op_37_N_2/Nocturne_Op__37_no__2_in_G_major_from_m4a_-_cut_7_t___182.090542-_-217.530771_t___
Frédéric_Chopin/N_7___Etudes_Op_25/Etude_Op__25_no__7_in_C_sharp_minor___Cello___1__from_wav_-_cut_1_t___0.0-_-33.54425_t___
Frédéric_Chopin/Nocturnes_Op_48_N_2/Nocturne_in_F_sharp_minor__Op__48_no__2_-_cut_1_t___0.0-_-33.866312_t___
Frédéric_Chopin/N_1___3_Notturni_op_9/Nocturne_in_B_flat_minor__Op__9_no__1_-_cut_10_t___272.591833-_-306.237542_t___
Frédéric_Chopin/Waltzes_Op_70_2/Waltz_in_F_minor_Op_70_no_2_1_-_cut_6_t___154.7295-_--1_t___
Ludwig_van_Beethoven/Symphony_no_2_in_D_Major_Op_36_IV_Allegro_molto/Symphony_no_2_in_D_Major_Op_36_IV_Allegro_molto_from_wav_-_cut_9_t___241.201792-_-269.375437_t___
Johannes_Brahms/Symphony_No_3_in_F_Major_Op_90_II_Andante/Brahms_Symphony_No_3_in_F_major_Op_90_II_Audante_from_wav_-_cut_13_t___361.607854-_-396.791187_t___
Johannes_Brahms/Symphony_No_4_in_E_Minor_Op_98_IV_Allegro_energico_e_passionato/Symphony_No_4_in_E_Minor_Op_98_IV_Allegro_Energico_e_Passionato_-_cut_11_t___303.954979-_-334.593708_t___
Johannes_Brahms/Symphony_no_2_in_D_major_Op_73_II_Adagio_non_toppo/Symphony_No_2_in_D_Major_Op_73_II_Adagio_non_toppo_from_m4a_-_cut_6_t___145.008604-_-178.166708_t___
Johannes_Brahms/Symphony_No_3_in_F_Major_Op_90_I_Allegro_con_brio/Brams_Symphony_No_3_in_F_Op_90_I_Allegro_con_brio_from_wav_-_cut_23_t___666.030396-_-691.449167_t___
Victor_Ferrer/Mi_Amargura_Victor_Ferrer/Marcha_MI_AMARGURA_Victor_Ferrer_Castillo_MARCHA_DE_PROCESI_N_para_banda_de_m_sica_128_kbps_-_cut_11_t___301.393375-_-333.133375_t___
Ludwig_van_Beethoven/Beethoven_Symphony_no_1_in_C_major_Op_21_IV_Adagio_Allegro_molto_e_vivace/Symphony_No_1_in_C_major_Op_21_IV_Adagio_Allegro_molto_e_vivace_from_wav_-_cut_4_t___95.132146-_-120.74375_t___
Frédéric_Chopin/Nocturnes_Op_62_N_2/Nocturne_in_E_major__Op__62_no__2_from_m4a_-_cut_5_t___124.357583-_-154.555125_t___
Frédéric_Chopin/Nocturne_in_Csharp_minor_Lento_con_gran_espressione_B_49_Op_posth/Nocturne_in_C_sharp_minor__Lento_con_gran_espressione___B__49__Op__posth____2__from_m4a_-_cut_2_t___35.113042-_-58.135625_t___
Frédéric_Chopin/Mazurkas_Op_56_N_1/Mazurka_in_B_major__Op__56_no__1_from_m4a_-_cut_2_t___31.782771-_-62.261771_t___
Johannes_Brahms/Symphony_no_2_in_D_major_Op_73_IV_Allegro_Con_Spirito/Symphony_No_2_in_D_Major_Op_73_IV_Allegro_Con_Spirito_from_m4a_-_cut_6_t___150.418812-_-180.906604_t___
Wolfgang_Amadeus_Mozart/Piano_Sonata_no_7_K_309_1_Allegro/01_Piano_Sonata_no_7_in_C_RECORTADO_-_cut_11_t___300.611687-_--1_t___
Johannes_Brahms/Symphony_No_3_in_F_Major_Op_90_I_Allegro_con_brio/Brahms_Symphony_No_3_in_F_major_Op_90_I_Allegro_con_brio_from_wav_-_cut_13_t___354.571604-_-393.879896_t___
Johannes_Brahms/Symphony_No_3_in_F_Major_Op_90_IV_Allegro/Brahms_Symphony_No_3_in_F_major_Op_90_IV_Allegro_from_wav_-_cut_17_t___481.594271-_--1_t___
Frédéric_Chopin/Piano_Sonata_no_2_in_Bflat_minor_Funeral_March_op_35_MOV_2/Sonata_no_2_in_B_flat_minor_Funeral_march_II_Scherzo_1_-_cut_10_t___265.924292-_-301.877479_t___
Ludwig_van_Beethoven/Beethoven_9th_Symphony_Op_125_I_Allegro_Ma_Non_Troppo_un_Poco_Maestoso/IMSLP7_1_-_cut_15_t___416.345396-_-451.105646_t___
Pyotr_Ilyich_Tchaikovsky/Symphony_no_6_in_B_minor_Pathtique_Op_74_IV_Finale_Adagio_lamentoso_Andante/Symphony_No_6_in_B_minor_Op_74_Pathetique_IV_Finale_Adagio_lamentoso_from_m4a_-_cut_7_t___180.546884-_-213.186884_t___
Francisco_Tarrega/07_La_cartagenera/07_La_cartagenera_from_m4a_-_cut_3_t___60.283153-_-88.461146_t___
Frédéric_Chopin/Mazurkas_Op_56_N_3/Mazurka_in_C_minor__Op__56_no__3_-_cut_11_t___301.028771-_-327.352354_t___
Frédéric_Chopin/N_1___3_Notturni_op_9/Nocturne_in_B_flat_minor__Op__9_no__1_from_m4a_-_cut_3_t___61.769896-_-90.040187_t___
Frédéric_Chopin/Mazurkas_Op_63_N_1/Mazurka_in_B_major__Op__63_no__1_-_cut_3_t___63.945542-_-89.264896_t___
Ludwig_van_Beethoven/Sinfona_n_7_de_Beethoven_Op_92_1_Poco_sostenuto_vivace/L_V_Beethoven_Sinfon_a_No_7_en_La_Mayor_Op_92_Mov_1_Poco_sostenuto_Vivace_-_cut_8_t___213.416917-_-240.359917_t___
Johannes_Brahms/Symphony_no_2_in_D_major_Op_73_III_Allegretto_Grazioso/Symphony_No_2_in_D_Major_Op_73_III_Allegretto_Grazioso_take_1_from_m4a_-_cut_10_t___275.625917-_--1_t___
Johannes_Brahms/Symphony_No_3_in_F_Major_Op_90_II_Andante/Symphony_No_3_in_F_Major_Op_90_II_Andante_from_m4a_-_cut_12_t___330.603-_-356.7835_t___
Frédéric_Chopin/Piano_Sonata_no_2_in_Bflat_minor_Funeral_March_op_35_MOV_2/Sonata_no_2_in_B_flat_minor_Funeral_march_II_Scherzo_-_cut_2_t___32.357021-_-65.223917_t___
Pyotr_Ilyich_Tchaikovsky/Symphony_no_6_in_B_minor_Pathtique_Op_74_IV_Finale_Adagio_lamentoso_Andante/Symphony_No_6_in_B_minor_Op_74_Pathetique_IV_Finale_Adagio_lamentoso_from_m4a_-_cut_12_t___331.786884-_-377.036884_t___
Frédéric_Chopin/Waltzes_Op_69_2/Waltz_in_B_minor_Op_69_no_2_from_m4a_-_cut_3_t___62.593333-_-90.492104_t___
Pyotr_Ilyich_Tchaikovsky/Symphony_no_6_in_B_minor_Pathtique_Op_74_I_Adagio_Allegro_non_troppo_Andante/Symphony_No_6_In_B_Minor_Op_74_Pathetique_I_Adagio_Allegro_Non_Troppo_from_m4a_-_cut_25_t___877.841904-_-931.541891_t___
Ludwig_van_Beethoven/Sinfona_n_7_de_Beethoven_Op_92_1_Poco_sostenuto_vivace/L_V_Beethoven_Sinfon_a_No_7_en_La_Mayor_Op_92_Mov_1_Poco_sostenuto_Vivace_-_cut_7_t___179.068312-_-213.416917_t___
Frédéric_Chopin/Mazurkas_Op_17_N_4/Mazurka_in_A_minor__Op__17_no__4_-_cut_8_t___210.0245-_-240.512312_t___
Francisco_Tarrega/23_Variaciones_sobre_el_carnaval_de_Venecia_de_Paganini/23_Variaciones_sobre_el_carnaval_de_Venecia_de_Paganini_from_m4a_-_cut_11_t___301.339566-_-331.142487_t___
Pyotr_Ilyich_Tchaikovsky/Romeo_and_Juliet_OvertureFantasia/Romeo_and_Juliet_Overture_Fantasia_-_cut_24_t___840.481614-_-910.501764_t___
Frédéric_Chopin/Bolero_Op_19/Bolero__Op__19_from_m4a_-_cut_8_t___210.34325-_-237.937229_t___
Wolfgang_Amadeus_Mozart/Fantasia_in_D_minor_K_397/Fantasia_in_Dm_K_397_5_-_cut_1_t___0.0-_-30.65_t___
Johannes_Brahms/Symphony_No_1_in_C_minor_Op_68_I_Un_poco_sostenuto_Allegro/Symphony_No_1_in_C_Minor_Op_68_I_Un_poco_sostenuto_Allegro_from_m4a_-_cut_15_t___359.979812-_-391.776604_t___
Johannes_Brahms/Symphony_no_2_in_D_major_Op_73_III_Allegretto_Grazioso/Symphony_No_2_in_D_Major_Op_73_III_Allegretto_Grazioso_take_1_from_m4a_-_cut_8_t___212.548896-_-243.501104_t___
Frédéric_Chopin/Nocturnes_Op_48_N_2/Nocturne_in_F_sharp_minor__Op__48_no__2_from_m4a_-_cut_7_t___177.939062-_-210.178146_t___
Ludwig_van_Beethoven/Beethoven_Symphony_no_1_in_C_major_Op_21_I_Adagio_molto_allegro_con_brio/Symphony_no_1_in_C_Op_21_I_Adagio_molto_Allegro_con_brio_-_cut_8_t___208.331812-_-242.375333_t___
Ludwig_van_Beethoven/Beethoven_9th_Symphony_Op_125_I_Allegro_Ma_Non_Troppo_un_Poco_Maestoso/IMSLP484062_PMLP01607_beethoven_9_01_concertgebouw_klemperer_1956_16048_-_cut_12_t___336.16925-_-359.215042_t___
Ludwig_van_Beethoven/Symphony_no_1_in_C_major_Op_21_II_Andante_cantabile_con_moto/Symphony_no_1_in_C_Op_21_II_Andante_cantibile_con_moto_1_-_cut_11_t___300.225312-_-332.454604_t___
Frédéric_Chopin/Preludes_Op_28_6/Preludes_Op_28_No_6_Tolling_bells_from_m4a_-_cut_3_t___57.589812-_-84.954521_t___
Frédéric_Chopin/Mazurkas_Op_63_N_3/Mazurka_in_C_sharp_minor__Op__63_no__3_EDIT_from_wav_-_cut_6_t___152.698896-_--1_t___
Frédéric_Chopin/Mazurkas_Op_7_N_3/Mazurka_in_F_minor__Op__7_no__3_-_cut_3_t___60.449604-_-91.699854_t___
Frédéric_Chopin/Waltzes_Op_34_2/Waltz_in_A_minor_Op_34_no_2_-_cut_6_t___151.061667-_-180.736771_t___
Johannes_Brahms/Symphony_No_4_in_E_Minor_Op_98_III_Allegro_giocoso/Symphony_No_4_in_E_Minor_Op_98_III_Allegro_Giocoso_from_m4a_-_cut_9_t___239.975187-_-274.7575_t___
Frédéric_Chopin/Mazurkas_Op_56_N_2/Mazurka_in_C_major__Op__56_no__2_-_cut_1_t___0.0-_-31.095812_t___
Frédéric_Chopin/Mazurkas_Op_7_N_2/Mazurka_in_A_minor__Op__7_no__2_-_cut_6_t___120.523812-_--1_t___
Frédéric_Chopin/Bolero_Op_19/Bolero__Op__19_from_m4a_-_cut_1_t___0.0-_-32.61225_t___
Frédéric_Chopin/Mazurkas_Op_56_N_1/Mazurka_in_B_major__Op__56_no__1_-_cut_3_t___59.679646-_-86.104396_t___
Frédéric_Chopin/Nocturnes_Op_37_N_2/Nocturne_Op__37_no__2_in_G_major_from_m4a_-_cut_9_t___234.665437-_-272.810375_t___
Antonin_Dvorak/Dvok_Serenade_for_Wind_Instruments_Op_44_II_Minuetto/Dvo_k_Serenade_for_Wind_in_D_minor_Op_44_2_Minuetto_Tempo_di_minuetto_-_cut_3_t___56.962551-_-88.85314_t___
Frédéric_Chopin/Nocturne_in_Csharp_minor_Lento_con_gran_espressione_B_49_Op_posth/Nocturne_in_C_sharp_minor__Lento_con_gran_espressione___B__49__Op__posth____2__from_m4a_-_cut_4_t___96.007354-_-118.890625_t___
Johannes_Brahms/Symphony_no_2_in_D_major_Op_73_I_Allegro_non_troppo/Symphony_No_2_in_D_Major_Op_73_I_Allegro_non_troppo_from_m4a_-_cut_3_t___63.901312-_-88.952771_t___
Wolfgang_Amadeus_Mozart/Fantasia_in_D_minor_K_397/ESTE Fantasia_in_D_minor_K_397_-_cut_12_t___331.616958-_--1_t___
Frédéric_Chopin/Nocturnes_Op_48_N_1/Nocturne_in_C_minor__Op__48_no__1_-_cut_11_t___271.533687-_-303.553979_t___
Pyotr_Ilyich_Tchaikovsky/Romeo_and_Juliet_OvertureFantasia/Romeo_and_Juliet_Overture_Fantasia_-_cut_14_t___450.834575-_-483.314566_t___
Frédéric_Chopin/Piano_Concerto_no_2_in_F_minor_Op_21_Mov_3/Piano_Concerto_no__2_in_F_minor__Op__21___III__Allegro_vivace_from_ogg_-_cut_2_t___27.135875-_-59.748271_t___
Frédéric_Chopin/Nocturnes_Op_37_N_1/Nocturne_Op__37_no__1_in_G_minor_-_cut_5_t___122.722833-_-153.849167_t___
Jose_Perez_Ballester/Solemnidad/SOLEMNIDAD_Jos_P_rez_Ballester_-_cut_2_t___29.608854-_-58.039542_t___
Frédéric_Chopin/Ballade_no_4_Op_52/Ballade_no__2__Frank_Levy_COMPRIMIDO_from_m4a_-_cut_22_t___631.041958-_-660.496458_t___
Francisco_Tarrega/23_Variaciones_sobre_el_carnaval_de_Venecia_de_Paganini/23_Variaciones_sobre_el_carnaval_de_Venecia_de_Paganini_from_m4a_-_cut_13_t___360.523987-_-391.313483_t___
Wolfgang_Amadeus_Mozart/Piano_Sonata_no_7_K_309_1_Allegro/01_Piano_Sonata_no_7_in_C_RECORTADO_-_cut_4_t___90.27725-_-121.29525_t___
Frédéric_Chopin/Piano_Sonata_no_2_in_Bflat_minor_Funeral_March_op_35_MOV_2/Sonata_no_2_in_B_flat_minor_Funeral_march_II_Scherzo_-_cut_7_t___180.603229-_-215.002771_t___
Camille_Saint_Saens/Samson_and_Delilah_Op_47_Danse_Baccanale/Samson_and_Delilah_Op_47_Danse_Baccanale_-_cut_15_t___421.39658-_--1_t___
Johannes_Brahms/Symphony_No_1_in_C_minor_Op_68_IV_Adagio_Piu_andante_Allegro_non_troppo_ma_con_brio/SYMPHO_1_from_m4a_-_cut_22_t___662.645333-_-693.585937_t___
Frédéric_Chopin/Nocturnes_Op_48_N_1/Nocturne_in_C_minor__Op__48_no__1_from_m4a_-_cut_6_t___149.780292-_-181.963167_t___
Ludwig_van_Beethoven/Symphony_no_2_in_D_Major_Op_36_IV_Allegro_molto/Symphony_no_2_in_D_Major_Op_36_IV_Allegro_molto_from_wav_-_cut_13_t___358.635958-_--1_t___
Johannes_Brahms/Symphony_No_3_in_F_Major_Op_90_I_Allegro_con_brio/Brahms_Symphony_No_3_in_F_major_Op_90_I_Allegro_con_brio_from_wav_-_cut_15_t___423.517042-_-446.574458_t___
Frédéric_Chopin/Nocturnes_Op_37_N_2/Nocturne_Op__37_no__2_in_G_major_from_m4a_-_cut_12_t___329.211646-_-357.586417_t___
Ludwig_van_Beethoven/Sinfona_n_7_de_Beethoven_Op_92_2_Allegretto/L_V_Beethoven_Sinfon_a_No_7_en_La_Mayor_Op_92_Mov_2_Allegretto_-_cut_4_t___94.140083-_-124.523396_t___
Ludwig_van_Beethoven/Sinfona_n_7_de_Beethoven_Op_92_2_Allegretto/L_V_Beethoven_Sinfon_a_No_7_en_La_Mayor_Op_92_Mov_2_Allegretto_-_cut_7_t___178.010583-_-213.409396_t___
Pyotr_Ilyich_Tchaikovsky/Romeo_and_Juliet_OvertureFantasia/Romeo_and_Juliet_Overture_Fantasia_-_cut_27_t___966.244766-_-1025.382208_t___
Frédéric_Chopin/Valsa_Minuto_2/Waltz_in_C_sharp_minor_Op_64_no_2_from_m4a_-_cut_3_t___62.101771-_-90.581042_t___
Wolfgang_Amadeus_Mozart/Fantasia_in_D_minor_K_397/ESTE Fantasia_in_D_minor_K_397_-_cut_1_t___0.0-_-31.01_t___
Johannes_Brahms/Symphony_No_3_in_F_Major_Op_90_I_Allegro_con_brio/Brahms_Symphony_No_3_in_F_major_Op_90_I_Allegro_con_brio_from_wav_-_cut_7_t___176.866625-_-214.738333_t___
Ludwig_van_Beethoven/Beethoven_Symphony_no_1_in_C_major_Op_21_II_Andante_cantabile_con_moto/Symphony_no_1_in_C_Op_21_II_Andante_cantibile_con_moto_-_cut_1_t___0.0-_-36.778208_t___
Wolfgang_Amadeus_Mozart/Fantasia_in_D_minor_K_397/Fantasia_in_Dm_K_397_Adagio_-_cut_6_t___154.995458-_-184.415458_t___
Ludwig_van_Beethoven/Beethoven_9th_Symphony_Op_125_II_Scherzo_Molto_Vivace_Presto/Beethoven_Symphony_No_9_II_Scherzo_Molto_Vivace_Presto_from_wav_-_cut_19_t___504.230333-_-524.582604_t___
Frédéric_Chopin/Mazurkas_Op_6_N_2/Mazurka_in_C_sharp_minor__Op__6_no__2_-_cut_3_t___60.198583-_-92.544_t___
Ludwig_van_Beethoven/Sinfona_n_7_de_Beethoven_Op_92_1_Poco_sostenuto_vivace/L_V_Beethoven_Sinfon_a_No_7_en_La_Mayor_Op_92_Mov_1_Poco_sostenuto_Vivace_-_cut_1_t___0.0-_-32.236917_t___
Wolfgang_Amadeus_Mozart/Fantasia_in_D_minor_K_397/Fantasia_in_Dm_K_397_2_-_cut_4_t___92.541146-_-120.371146_t___
Johannes_Brahms/Symphony_No_3_in_F_Major_Op_90_II_Andante/Symphony_No_3_in_F_Major_Op_90_II_Andante_from_m4a_-_cut_9_t___238.977104-_-275.931667_t___
Johannes_Brahms/Symphony_No_3_in_F_Major_Op_90_I_Allegro_con_brio/Brahms_Symphony_No_3_in_F_major_Op_90_I_Allegro_con_brio_from_wav_-_cut_17_t___455.127167-_-479.751937_t___
Ludwig_van_Beethoven/Beethoven_Symphony_no_1_in_C_major_Op_21_IV_Adagio_Allegro_molto_e_vivace/Symphony_no_1_in_C_Op_21_IV_Adagio_Allegro_molto_e_vivace_-_cut_4_t___86.885083-_-120.716562_t___
Wolfgang_Amadeus_Mozart/Piano_Sonata_no_3_K_281_3_Rondo_Allegro/Rondeau_Allegro_-_cut_4_t___91.932321-_-114.222321_t___
Antonin_Dvorak/Dvok_Symphony_no_8_Op_88_I_Allegro_con_brio/Symphony_no_8_Op_88_I_Allegro_con_brio_-_cut_4_t___91.420414-_-120.360987_t___
Johann_Sebastian_Bach/Toccata_and_Fugue_in_D_minor_BWV_565/Toccata_and_Fugue_in_D_minor_BWV_565_-_cut_2_t___33.676875-_-59.497479_t___
Frédéric_Chopin/Valsa_Minuto_1/Waltz_in_D_flat_major_Minute_Op_64_no_1_from_m4a_-_cut_3_t___63.390458-_-98.858917_t___
Ludwig_van_Beethoven/Symphony_no_1_in_C_major_Op_21_I_Adagio_molto_allegro_con_brio/Symphony_no_1_in_C_Op_21_I_Adagio_molto_Allegro_con_brio_1_-_cut_1_t___0.0-_-25.758687_t___
Abel_Moreno/La_Madruga/La_Madruga_Marcha_de_Palio_Seville_Procession_-_cut_2_t___30.797218-_-55.479947_t___
Ludwig_van_Beethoven/Beethoven_9th_Symphony_Op_125_I_Allegro_Ma_Non_Troppo_un_Poco_Maestoso/IMSLP7_1_-_cut_18_t___513.076687-_-542.124854_t___
Frédéric_Chopin/Ballade_no_4_Op_52/Ballade_no__2__Frank_Levy_COMPRIMIDO_from_m4a_-_cut_9_t___242.53825-_-273.960604_t___
Ludwig_van_Beethoven/Symphony_no_1_in_C_major_Op_21_IV_Adagio_Allegro_molto_e_vivace/Symphony_No_1_in_C_major_Op_21_IV_Adagio_Allegro_molto_e_vivace_1_from_wav_-_cut_12_t___328.396937-_-353.2645_t___
Francisco_Tarrega/47_Sueo_Trmolo/47_Sue_o_Tr_molo_from_m4a_-_cut_7_t___180.583403-_-212.622097_t___
Pyotr_Ilyich_Tchaikovsky/Symphony_no_6_in_B_minor_Pathtique_Op_74_I_Adagio_Allegro_non_troppo_Andante/Symphony_No_6_In_B_Minor_Op_74_Pathetique_I_Adagio_Allegro_Non_Troppo_from_m4a_-_cut_5_t___123.775491-_-153.675491_t___
Frédéric_Chopin/Mazurkas_Op_56_N_3/Mazurka_in_C_minor__Op__56_no__3_-_cut_7_t___180.052833-_-209.76275_t___
Johannes_Brahms/Symphony_No_4_in_E_Minor_Op_98_III_Allegro_giocoso/Symphony_No_4_in_E_Minor_Op_98_III_Allegro_Giocoso_from_m4a_-_cut_8_t___214.015271-_-239.975187_t___
Frédéric_Chopin/Waltzes_Op_70_2/Waltz_in_F_minor_Op_70_no_2_1_from_m4a_-_cut_1_t___0.0-_-30.336875_t___
Johannes_Brahms/Symphony_no_2_in_D_major_Op_73_IV_Allegro_Con_Spirito/Symphony_No_2_in_D_Major_Op_73_IV_Allegro_Con_Spirito_from_m4a_-_cut_3_t___60.546021-_-99.114542_t___
Frédéric_Chopin/Mazurkas_Op_7_N_1/Mazurka_in_B_flat_major__Op__7_no__1_-_cut_2_t___31.514229-_-61.142896_t___
Wolfgang_Amadeus_Mozart/Piano_Sonata_no_7_K_309_1_Allegro/01_Piano_Sonata_no_7_in_C_RECORTADO_-_cut_1_t___0.0-_-30.369312_t___
Frédéric_Chopin/Polonaise_in_Fsharp_minor_Op_44/Polonaise_in_F_sharp_minor_Op_44_EDIT_from_wav_-_cut_17_t___481.432896-_-511.862646_t___
Johannes_Brahms/Symphony_no_2_in_D_major_Op_73_I_Allegro_non_troppo/Symphony_No_2_in_D_Major_Op_73_I_Allegro_non_troppo_from_m4a_-_cut_10_t___272.367104-_-300.625792_t___
Frédéric_Chopin/Mazurkas_Op_6_N_2/Mazurka_in_C_sharp_minor__Op__6_no__2_EDIT_from_wav_-_cut_2_t___32.810375-_-58.00875_t___
Ludwig_van_Beethoven/Beethoven_9th_Symphony_Op_125_III_Adagio_Molto_e_Cantabile/Beethoven_Symphony_No_9_in_D_minor_Op_125_III_Adagio_Molto_e_Cantabile_from_wav_-_cut_7_t___185.665708-_-215.739917_t___
Frédéric_Chopin/Piano_Sonata_no_2_in_Bflat_minor_Funeral_March_op_35_MOV_3/Sonata_no_2_in_B_flat_minor_Funeral_march_III_Marche_Funebre_Lento_-_cut_13_t___358.132979-_-394.216771_t___
Frédéric_Chopin/Valsa_Minuto_1/Waltz_in_D_flat_major_Minute_Op_64_no_1_from_m4a_-_cut_4_t___98.858917-_--1_t___
Johannes_Brahms/Symphony_No_4_in_E_Minor_Op_98_II_Andante_moderato/Symphony_No_4_in_E_Minor_Op_98_II_Andante_Moderato_from_m4a_-_cut_3_t___66.644167-_-92.801437_t___
Wolfgang_Amadeus_Mozart/Piano_Sonata_no_14_K_457_II_Adagio/Piano_Sonata_no_14_K_457_II_Adagio_-_cut_7_t___181.949786-_-210.659786_t___
Frédéric_Chopin/Polonaise_No_2_in_C_Minor_Op_40/Polonaise_in_C_minor_Op_40_no_2_-_cut_17_t___484.188062-_--1_t___
Frédéric_Chopin/Mazurkas_Op_7_N_3/Mazurka_in_F_minor__Op__7_no__3_EDIT_from_wav_-_cut_2_t___29.872458-_-65.557375_t___
Camille_Saint_Saens/Danse_Macabre_Op_40/Danse_macabre_Op_40_-_cut_1_t___0.0-_-29.86772_t___
Johannes_Brahms/Symphony_No_3_in_F_Major_Op_90_II_Andante/Symphony_No_3_in_F_Major_Op_90_II_Andante_from_m4a_-_cut_2_t___30.406542-_-57.655167_t___
Johannes_Brahms/Symphony_No_4_in_E_Minor_Op_98_IV_Allegro_energico_e_passionato/Symphony_No_4_in_E_Minor_Op_98_IV_Allegro_Energico_e_Passionato_-_cut_12_t___334.593708-_-366.195042_t___
Ludwig_van_Beethoven/Symphony_no_2_in_D_Major_Op_36_IV_Allegro_molto/Symphony_no_2_in_D_Major_Op_36_IV_Allegro_molto_-_cut_7_t___182.910583-_-212.482146_t___
Ludwig_van_Beethoven/Beethoven_9th_Symphony_Op_125_III_Adagio_Molto_e_Cantabile/Beethoven_Symphony_No_9_in_D_minor_Op_125_III_Adagio_Molto_e_Cantabile_from_wav_-_cut_16_t___451.981312-_-487.565875_t___
Ludwig_van_Beethoven/Sinfona_n_7_de_Beethoven_Op_92_3_Presto/Beethoven_Symphony_No_7_in_A_major_op_92_III_Presto_-_cut_15_t___391.358687-_-418.479604_t___
Frédéric_Chopin/Variations_on_La_Ci_Darem_la_Mano_Op_2/X2Download_app_Chopin_Variations_on_L_ci_darem_la_mano_op_2_128_kbps_-_cut_14_t___391.679-_-413.477417_t___
Wolfgang_Amadeus_Mozart/Piano_Sonata_no_14_K_457_I_Allegro/Piano_Sonata_no_14_K_457_I_Allegro_Second_repeat_omitted_-_cut_8_t___210.735863-_-244.065863_t___
Ludwig_van_Beethoven/Symphony_no_1_in_C_major_Op_21_II_Andante_cantabile_con_moto/Symphony_No_1_in_C_major_Op_21_II_Andante_cantabile_con_moto_1_from_wav_-_cut_2_t___29.453062-_-60.730333_t___
Wolfgang_Amadeus_Mozart/Fantasia_in_D_minor_K_397/ESTE Fantasia_in_D_minor_K_397_-_cut_10_t___272.117958-_-299.427958_t___
Johannes_Brahms/Symphony_no_2_in_D_major_Op_73_IV_Allegro_Con_Spirito/Symphony_No_2_in_D_Major_Op_73_IV_Allegro_Con_Spirito_from_m4a_-_cut_13_t___358.631042-_-380.376521_t___
Frédéric_Chopin/Nocturne_in_Csharp_minor_Lento_con_gran_espressione_B_49_Op_posth/Nocturne_in_C_sharp_minor__Lento_con_gran_espressione___B__49__Op__posth___-_cut_4_t___92.655312-_-128.054125_t___
Frédéric_Chopin/Mazurkas_Op_7_N_3/Mazurka_in_F_minor__Op__7_no__3_EDIT_from_wav_-_cut_1_t___0.0-_-29.872458_t___
Ludwig_van_Beethoven/Beethoven_9th_Symphony_Op_125_I_Allegro_Ma_Non_Troppo_un_Poco_Maestoso/IMSLP7_1_-_cut_28_t___815.682896-_-847.482625_t___
Ludwig_van_Beethoven/Symphony_no_1_in_C_major_Op_21_IV_Adagio_Allegro_molto_e_vivace/Symphony_No_1_in_C_major_Op_21_IV_Adagio_Allegro_molto_e_vivace_1_from_wav_-_cut_7_t___180.645104-_-211.554104_t___
Joaquin_Montanes_Castellano/Agarrate_Saxo/Ag_rrate_Saxo_Joaqu_n_Monta_s_Castellano_Pasodoble_128_kbps_-_cut_2_t___28.353792-_-57.010667_t___
Ludwig_van_Beethoven/Sinfona_n_7_de_Beethoven_Op_92_3_Presto/Beethoven_Symphony_No_7_in_A_major_op_92_III_Presto_-_cut_1_t___0.0-_-32.217729_t___
Frédéric_Chopin/Waltzes_Op_70_1/Waltz_in_G_flat_major_Op_70_no_1_1_-_cut_2_t___33.088458-_-61.172958_t___
Johannes_Brahms/Symphony_No_3_in_F_Major_Op_90_I_Allegro_con_brio/Brahms_Symphony_No_3_in_F_major_Op_90_I_Allegro_con_brio_from_wav_-_cut_12_t___328.37175-_-354.571604_t___
Ludwig_van_Beethoven/Beethoven_9th_Symphony_Op_125_I_Allegro_Ma_Non_Troppo_un_Poco_Maestoso/IMSLP484062_PMLP01607_beethoven_9_01_concertgebouw_klemperer_1956_16048_-_cut_16_t___452.882042-_-476.171667_t___
Frédéric_Chopin/Piano_Sonata_no_2_in_Bflat_minor_Funeral_March_op_35_MOV_1/Sonata_no__2_in_B_flat_minor__Funeral_march____I__Grave__Doppio_movimento_-_cut_1_t___0.0-_-26.36625_t___
Ludwig_van_Beethoven/Symphony_no_1_in_C_major_Op_21_IV_Adagio_Allegro_molto_e_vivace/Symphony_no_1_in_C_Op_21_IV_Adagio_Allegro_molto_e_vivace_1_-_cut_3_t___65.476292-_-86.885083_t___
Frédéric_Chopin/Mazurkas_Op_24_N_2/Mazurka_in_C_major__Op__24_no__2__1__EDIT_from_wav_-_cut_1_t___0.0-_-30.703521_t___
Frédéric_Chopin/N_3___Etudes_Op_10/Etude_Op__10__no__3_in_E_major____Tristesse__-_cut_8_t___212.342542-_--1_t___
Ludwig_van_Beethoven/Symphony_no_1_in_C_major_Op_21_I_Adagio_molto_allegro_con_brio/Symphony_No_1_in_C_major_Op_21_I_Adagio_molto_allegro_con_brio_1_from_wav_-_cut_8_t___214.240167-_-240.552979_t___
Ludwig_van_Beethoven/Beethoven_Symphony_no_1_in_C_major_Op_21_I_Adagio_molto_allegro_con_brio/Symphony_no_1_in_C_Op_21_I_Adagio_molto_Allegro_con_brio_-_cut_16_t___453.717021-_-474.9005_t___
Frédéric_Chopin/Mazurkas_Op_17_N_4/Mazurka_in_A_minor__Op__17_no__4_EDIT_from_wav_-_cut_7_t___181.724042-_-209.564771_t___
Ludwig_van_Beethoven/Sinfona_n_7_de_Beethoven_Op_92_1_Poco_sostenuto_vivace/L_V_Beethoven_Sinfon_a_No_7_en_La_Mayor_Op_92_Mov_1_Poco_sostenuto_Vivace_-_cut_24_t___688.394833-_-721.24_t___
Johannes_Brahms/Symphony_No_3_in_F_Major_Op_90_III_Poco_allegretto/Brahms_Symphony_No_3_in_F_major_Op_90_III_Poco_allegreto_from_wav_-_cut_1_t___0.0-_-32.728875_t___
Frédéric_Chopin/Nocturnes_Op_37_N_1/Nocturne_Op__37_no__1_in_G_minor_EDIT_from_wav_-_cut_5_t___123.100604-_-151.54125_t___
Johannes_Brahms/Symphony_No_1_in_C_minor_Op_68_I_Un_poco_sostenuto_Allegro/Symphony_No_1_in_C_Minor_Op_68_I_Un_poco_sostenuto_Allegro_from_m4a_-_cut_20_t___541.939625-_-570.087604_t___
Johannes_Brahms/Symphony_No_4_in_E_Minor_Op_98_II_Andante_moderato/Symphony_No_4_in_E_Minor_Op_98_II_Andante_Moderato_from_m4a_-_cut_16_t___480.087292-_-514.548604_t___
Victor_Ferrer/Mi_Amargura_Victor_Ferrer/Marcha_MI_AMARGURA_Victor_Ferrer_Castillo_MARCHA_DE_PROCESI_N_para_banda_de_m_sica_128_kbps_-_cut_10_t___274.593375-_-301.393375_t___
Ludwig_van_Beethoven/Symphony_no_1_in_C_major_Op_21_I_Adagio_molto_allegro_con_brio/Symphony_No_1_in_C_major_Op_21_I_Adagio_molto_allegro_con_brio_1_from_wav_-_cut_15_t___422.477146-_-452.953333_t___
Johannes_Brahms/Symphony_No_1_in_C_minor_Op_68_IV_Adagio_Piu_andante_Allegro_non_troppo_ma_con_brio/SYMPHO_1_from_m4a_-_cut_28_t___875.606479-_-906.926792_t___
Ludwig_van_Beethoven/Beethoven_9th_Symphony_Op_125_IV_Presto_Allegro_Assai/Beethoven_Symphony_No_9_in_D_minor_Op_125_IV_Final_from_wav_-_cut_46_t___1316.163417-_-1374.333875_t___
Frédéric_Chopin/Mazurkas_Op_6_N_2/Mazurka_in_C_sharp_minor__Op__6_no__2_-_cut_5_t___123.222042-_--1_t___
Ludwig_van_Beethoven/Symphony_no_1_in_C_major_Op_21_I_Adagio_molto_allegro_con_brio/Symphony_No_1_in_C_major_Op_21_I_Adagio_molto_allegro_con_brio_1_from_wav_-_cut_7_t___184.330729-_-214.240167_t___
Wolfgang_Amadeus_Mozart/Piano_Sonata_no_14_K_457_III_Molto_allegro/Piano_Sonata_no_14_K_457_III_Molto_allegro_-_cut_5_t___121.438553-_-150.218553_t___
Ludwig_van_Beethoven/Beethoven_Symphony_no_1_in_C_major_Op_21_IV_Adagio_Allegro_molto_e_vivace/Symphony_No_1_in_C_major_Op_21_IV_Adagio_Allegro_molto_e_vivace_from_wav_-_cut_6_t___151.503521-_-180.645104_t___
Frédéric_Chopin/Piano_Sonata_no_2_in_Bflat_minor_Funeral_March_op_35_MOV_3/Sonata_no_2_in_B_flat_minor_Funeral_march_III_Marche_Funebre_Lento_-_cut_2_t___32.762625-_-63.563896_t___
Johannes_Brahms/Symphony_No_4_in_E_Minor_Op_98_IV_Allegro_energico_e_passionato/Symphony_No_4_in_E_Minor_Op_98_IV_Allegro_Energico_e_Passionato_-_cut_19_t___543.412542-_-573.082146_t___
Ludwig_van_Beethoven/Beethoven_Symphony_no_1_in_C_major_Op_21_III_Minuetto_and_trio/Symphony_no_1_in_C_Op_21_III_Menuetto_Allegro_molto_e_vivace_-_cut_5_t___90.918021-_-152.844854_t___
Frédéric_Chopin/Nocturnes_Op_48_N_2/Nocturne_in_F_sharp_minor__Op__48_no__2_-_cut_12_t___333.867083-_-365.887417_t___
Frédéric_Chopin/Piano_Concerto_no_2_in_F_minor_Op_21_Mov_3/Piano_Concerto_no__2_in_F_minor__Op__21___III__Allegro_vivace_from_ogg_-_cut_10_t___275.053187-_-300.694917_t___
Ludwig_van_Beethoven/Mazurkas_Op_63_N_2/Mazurka_in_F_minor__Op__63_no__2__-_cut_4_t___88.48775-_--1_t___
Ludwig_van_Beethoven/Beethoven_Symphony_no_1_in_C_major_Op_21_I_Adagio_molto_allegro_con_brio/Symphony_no_1_in_C_Op_21_I_Adagio_molto_Allegro_con_brio_-_cut_10_t___273.683354-_-299.728208_t___
Frédéric_Chopin/Nocturne_in_Csharp_minor_Lento_con_gran_espressione_B_49_Op_posth/Nocturne_in_C_sharp_minor__Lento_con_gran_espressione___B__49__Op__posth____1__-_cut_8_t___207.643812-_--1_t___
Frédéric_Chopin/Piano_Sonata_no_2_in_Bflat_minor_Funeral_March_op_35_MOV_3/Sonata_no_2_in_B_flat_minor_Funeral_march_III_Marche_Funebre_Lento_OTRA_-_cut_5_t___125.560229-_-150.626187_t___
Johannes_Brahms/Symphony_no_2_in_D_major_Op_73_I_Allegro_non_troppo/Symphony_No_2_in_D_Major_Op_73_I_Allegro_non_troppo_from_m4a_-_cut_2_t___31.973875-_-63.901312_t___
Frédéric_Chopin/Piano_Concerto_no_2_in_F_minor_Op_21_Mov_3/Piano_Concerto_no__2_in_F_minor__Op__21___III__Allegro_vivace_from_ogg_-_cut_4_t___91.177521-_-126.875083_t___
Frédéric_Chopin/Piano_Sonata_no_2_in_Bflat_minor_Funeral_March_op_35_MOV_1/Sonata_no__2_in_B_flat_minor__Funeral_march____I__Grave__Doppio_movimento__1__-_cut_5_t___114.942854-_-150.258542_t___
Victor_Ferrer/Mi_Amargura_Victor_Ferrer/Marcha_MI_AMARGURA_Victor_Ferrer_Castillo_MARCHA_DE_PROCESI_N_para_banda_de_m_sica_128_kbps_-_cut_4_t___91.323375-_-121.623375_t___
Wolfgang_Amadeus_Mozart/Rondo_in_A_minor_K_511/Rondo_No_3_in_A_Minor_K_511_-_cut_7_t___183.744072-_-210.954072_t___
Ludwig_van_Beethoven/Beethoven_9th_Symphony_Op_125_III_Adagio_Molto_e_Cantabile/Beethoven_Symphony_No_9_in_D_minor_Op_125_III_Adagio_Molto_e_Cantabile_from_wav_-_cut_20_t___577.097958-_-599.8535_t___
Frédéric_Chopin/Piano_Sonata_no_2_in_Bflat_minor_Funeral_March_op_35_MOV_1/Sonata_no__2_in_B_flat_minor__Funeral_march____I__Grave__Doppio_movimento__1__-_cut_4_t___95.205896-_-114.942854_t___
Ludwig_van_Beethoven/Beethoven_Symphony_no_1_in_C_major_Op_21_II_Andante_cantabile_con_moto/Symphony_No_1_in_C_major_Op_21_II_Andante_cantabile_con_moto_from_wav_-_cut_2_t___29.453062-_-60.730333_t___
Johannes_Brahms/Symphony_No_4_in_E_Minor_Op_98_IV_Allegro_energico_e_passionato/Symphony_No_4_in_E_Minor_Op_98_IV_Allegro_Energico_e_Passionato_-_cut_4_t___91.939417-_-118.932604_t___
Frédéric_Chopin/Waltzes_Op_70_1/Waltz_in_G_flat_major_Op_70_no_1_1_-_cut_1_t___0.0-_-33.088458_t___
Johannes_Brahms/Symphony_No_3_in_F_Major_Op_90_IV_Allegro/Brahms_Symphony_No_3_in_F_major_Op_90_IV_Allegro_from_wav_-_cut_2_t___30.912708-_-60.309187_t___
Wolfgang_Amadeus_Mozart/Piano_Sonata_no_14_K_457_III_Molto_allegro/Piano_Sonata_no_14_K_457_III_Molto_allegro_-_cut_2_t___30.18-_-63.73112_t___
Ludwig_van_Beethoven/Sinfona_n_7_de_Beethoven_Op_92_1_Poco_sostenuto_vivace/L_V_Beethoven_Sinfon_a_No_7_en_La_Mayor_Op_92_Mov_1_Poco_sostenuto_Vivace_-_cut_3_t___60.472375-_-90.565458_t___
Frédéric_Chopin/Piano_Sonata_no_2_in_Bflat_minor_Funeral_March_op_35_MOV_2/Sonata_no_2_in_B_flat_minor_Funeral_march_II_Scherzo_-_cut_6_t___153.529417-_-180.603229_t___
Pyotr_Ilyich_Tchaikovsky/Symphony_no_6_in_B_minor_Pathtique_Op_74_I_Adagio_Allegro_non_troppo_Andante/Symphony_No_6_In_B_Minor_Op_74_Pathetique_I_Adagio_Allegro_Non_Troppo_from_m4a_-_cut_4_t___92.405491-_-123.775491_t___
Frédéric_Chopin/Mazurkas_Op_63_N_1/Mazurka_in_B_major__Op__63_no__1_EDIT_from_wav_-_cut_2_t___35.659083-_-63.476604_t___
Frédéric_Chopin/Preludes_Op_20/Preludes_Op_28_No_20_Funeral_march_1_-_cut_2_t___28.5025-_-65.21325_t___
Frédéric_Chopin/Mazurkas_Op_7_N_3/Mazurka_in_F_minor__Op__7_no__3_-_cut_5_t___121.444625-_--1_t___
Johannes_Brahms/Symphony_No_1_in_C_minor_Op_68_IV_Adagio_Piu_andante_Allegro_non_troppo_ma_con_brio/SYMPHO_1_from_m4a_-_cut_20_t___606.022771-_-634.928229_t___
Frédéric_Chopin/Mazurkas_Op_63_N_3/Mazurka_in_C_sharp_minor__Op__63_no__3__-_cut_5_t___123.312667-_--1_t___
Frédéric_Chopin/Preludes_Op_28_21/Preludes_Op_28_No_21_Sunday_-_cut_1_t___0.0-_-31.579146_t___
Johannes_Brahms/Symphony_No_3_in_F_Major_Op_90_III_Poco_allegretto/Brahms_Symphony_No_3_in_F_major_Op_90_III_Poco_allegreto_from_wav_-_cut_9_t___246.687854-_-276.171979_t___
Johannes_Brahms/Symphony_No_4_in_E_Minor_Op_98_III_Allegro_giocoso/Symphony_No_4_in_E_Minor_Op_98_III_Allegro_Giocoso_from_m4a_-_cut_1_t___0.0-_-35.143646_t___
Ludwig_van_Beethoven/Sinfona_n_7_de_Beethoven_Op_92_3_Presto/Beethoven_Symphony_No_7_in_A_major_op_92_III_Presto_-_cut_11_t___267.394979-_-301.888312_t___
Ludwig_van_Beethoven/Beethoven_9th_Symphony_Op_125_IV_Presto_Allegro_Assai/Beethoven_Symphony_No_9_in_D_minor_Op_125_IV_Final_from_wav_-_cut_44_t___1265.163229-_-1290.275625_t___
Frédéric_Chopin/Nocturnes_Op_48_N_2/Nocturne_in_F_sharp_minor__Op__48_no__2_from_m4a_-_cut_9_t___243.522271-_-274.439646_t___
Frédéric_Chopin/Nocturnes_Op_62_N_2/Nocturne_in_E_major__Op__62_no__2_-_cut_8_t___210.651646-_-240.479625_t___
Frédéric_Chopin/Waltzes_Op_70_2/Waltz_in_F_minor_Op_70_no_2_1_from_m4a_-_cut_4_t___92.601146-_-121.11525_t___
Frédéric_Chopin/Nocturnes_Op_48_N_1/Nocturne_in_C_minor__Op__48_no__1_-_cut_10_t___243.042833-_-271.533687_t___
Frédéric_Chopin/N_1___3_Notturni_op_9/Nocturne_in_B_flat_minor__Op__9_no__1_from_m4a_-_cut_5_t___119.285708-_-151.456958_t___
Pyotr_Ilyich_Tchaikovsky/Symphony_no_6_in_B_minor_Pathtique_Op_74_I_Adagio_Allegro_non_troppo_Andante/Symphony_No_6_In_B_Minor_Op_74_Pathetique_I_Adagio_Allegro_Non_Troppo_from_m4a_-_cut_23_t___813.384435-_-840.109845_t___
Frédéric_Chopin/Nocturnes_Op_27_N_1/Nocturne_in_C_sharp_minor__Op__27_no__1_from_m4a_-_cut_10_t___272.070125-_-298.506042_t___
Victor_Ferrer/Mi_Amargura_Victor_Ferrer/Marcha_MI_AMARGURA_Victor_Ferrer_Castillo_MARCHA_DE_PROCESI_N_para_banda_de_m_sica_128_kbps_-_cut_2_t___31.433375-_-60.293375_t___
Wolfgang_Amadeus_Mozart/Rondo_in_A_minor_K_511/Rondo_No_3_in_A_Minor_K_511_-_cut_15_t___453.295809-_-480.546902_t___
Frédéric_Chopin/Waltzes_Op_34_2/Waltz_in_A_minor_Op_34_no_2_-_cut_15_t___418.062625-_--1_t___
Frédéric_Chopin/Mazurkas_Op_7_N_1/Mazurka_in_B_flat_major__Op__7_no__1_-_cut_5_t___122.227375-_--1_t___
Frédéric_Chopin/Bolero_Op_19/Bolero__Op__19_from_m4a_-_cut_6_t___151.834479-_-182.856333_t___
Pyotr_Ilyich_Tchaikovsky/Symphony_no_6_in_B_minor_Pathtique_Op_74_IV_Finale_Adagio_lamentoso_Andante/Symphony_No_6_in_B_minor_Op_74_Pathetique_IV_Finale_Adagio_lamentoso_from_m4a_-_cut_18_t___522.55326-_-572.35326_t___
Johannes_Brahms/Symphony_No_3_in_F_Major_Op_90_I_Allegro_con_brio/Brams_Symphony_No_3_in_F_Op_90_I_Allegro_con_brio_from_wav_-_cut_19_t___548.197021-_-570.615875_t___
Johannes_Brahms/Symphony_No_3_in_F_Major_Op_90_IV_Allegro/Brahms_Symphony_No_3_in_F_major_Op_90_IV_Allegro_from_wav_-_cut_1_t___0.0-_-30.912708_t___
Frédéric_Chopin/Piano_Sonata_no_2_in_Bflat_minor_Funeral_March_op_35_MOV_3/Sonata_no_2_in_B_flat_minor_Funeral_march_III_Marche_Funebre_Lento_-_cut_7_t___177.446896-_-212.067833_t___
Frédéric_Chopin/Nocturnes_Op_62_N_2/Nocturne_in_E_major__Op__62_no__2_-_cut_12_t___329.168229-_-365.526792_t___
Antonin_Dvorak/Dvok_Symphony_no_8_Op_88_I_Allegro_con_brio/Symphony_no_8_Op_88_I_Allegro_con_brio_-_cut_14_t___389.01363-_-419.017078_t___
Johannes_Brahms/Symphony_No_1_in_C_minor_Op_68_I_Un_poco_sostenuto_Allegro/Symphony_No_1_in_C_Minor_Op_68_I_Un_poco_sostenuto_Allegro_from_m4a_-_cut_33_t___897.700708-_--1_t___
Frédéric_Chopin/Piano_Sonata_no_2_in_Bflat_minor_Funeral_March_op_35_MOV_2/Sonata_no_2_in_B_flat_minor_Funeral_march_II_Scherzo_-_cut_9_t___242.012062-_-267.164167_t___
Johannes_Brahms/Symphony_No_4_in_E_Minor_Op_98_IV_Allegro_energico_e_passionato/Symphony_No_4_in_E_Minor_Op_98_IV_Allegro_Energico_e_Passionato_-_cut_15_t___415.325167-_-451.826937_t___
Frédéric_Chopin/Mazurkas_Op_63_N_1/Mazurka_in_B_major__Op__63_no__1_-_cut_2_t___33.695104-_-63.945542_t___
Frédéric_Chopin/Impromptu_no_3_in_Gflat_major_Op_51/Impromptu_no__3_in_G_flat_major__Op__51__1__from_m4a_-_cut_8_t___217.133812-_-269.559271_t___
Frédéric_Chopin/Nocturnes_Op_37_N_1/Nocturne_Op__37_no__1_in_G_minor_EDIT_from_wav_-_cut_9_t___244.614708-_-279.003458_t___
Wolfgang_Amadeus_Mozart/Piano_Sonata_no_14_K_457_III_Molto_allegro/Piano_Sonata_no_14_K_457_III_Molto_allegro_-_cut_8_t___210.798516-_-242.478516_t___
Frédéric_Chopin/Piano_Concerto_no_2_in_F_minor_Op_21_Mov_3/Piano_Concerto_no__2_in_F_minor__Op__21___III__Allegro_vivace_from_ogg_-_cut_15_t___420.421729-_-454.217729_t___
Frédéric_Chopin/Polonaise_in_Fsharp_minor_Op_44/Polonaise_in_F_sharp_minor_Op_44_EDIT_from_wav_-_cut_11_t___295.632604-_-326.030854_t___
Johannes_Brahms/Symphony_No_3_in_F_Major_Op_90_III_Poco_allegretto/Brahms_Symphony_No_3_in_F_major_Op_90_III_Poco_allegreto_from_wav_-_cut_12_t___331.128-_--1_t___
Frédéric_Chopin/Variations_on_La_Ci_Darem_la_Mano_Op_2/X2Download_app_Chopin_Variations_on_L_ci_darem_la_mano_op_2_128_kbps_-_cut_13_t___364.546479-_-391.679_t___
Wolfgang_Amadeus_Mozart/Piano_Sonata_no_14_K_457_I_Allegro/Piano_Sonata_no_14_K_457_I_Allegro_Second_repeat_omitted_-_cut_5_t___121.823024-_-150.523024_t___
Ludwig_van_Beethoven/Sinfona_n_7_de_Beethoven_Op_92_3_Presto/Beethoven_Symphony_No_7_in_A_major_op_92_III_Presto_-_cut_17_t___449.626271-_-480.694562_t___
Johannes_Brahms/Symphony_no_2_in_D_major_Op_73_I_Allegro_non_troppo/Symphony_No_2_in_D_Major_Op_73_I_Allegro_non_troppo_from_m4a_-_cut_28_t___811.149083-_-835.948_t___
Wolfgang_Amadeus_Mozart/Piano_Sonata_no_3_K_281_3_Rondo_Allegro/KV_281_Movement_03_Rondo_Allegro_-_cut_1_t___0.0-_-28.899995_t___
Frédéric_Chopin/Nocturnes_Op_37_N_1/Nocturne_Op__37_no__1_in_G_minor_-_cut_1_t___0.0-_-29.686708_t___
Frédéric_Chopin/Valsa_Minuto_1/Waltz_in_D_flat_major_Minute_Op_64_no_1_-_cut_5_t___114.511208-_--1_t___
Johannes_Brahms/Symphony_No_3_in_F_Major_Op_90_I_Allegro_con_brio/Brahms_Symphony_No_3_in_F_major_Op_90_I_Allegro_con_brio_from_wav_-_cut_19_t___509.791562-_-545.724458_t___
Frédéric_Chopin/Mazurkas_Op_56_N_1/Mazurka_in_B_major__Op__56_no__1_from_m4a_-_cut_11_t___304.285333-_--1_t___
Frédéric_Chopin/Waltzes_Op_34_2/Waltz_in_A_minor_Op_34_no_2_-_cut_5_t___125.980542-_-151.061667_t___
Johannes_Brahms/Symphony_No_1_in_C_minor_Op_68_II_Andante_sostenuto/Symphony_No_1_in_C_Minor_Op_68_II_Andante_sostenuto_from_m4a_-_cut_9_t___245.094625-_-265.864875_t___
Frédéric_Chopin/Waltzes_Op_34_2/Waltz_in_A_minor_Op_34_no_2_-_cut_3_t___65.967896-_-92.915292_t___
Ludwig_van_Beethoven/Beethoven_9th_Symphony_Op_125_I_Allegro_Ma_Non_Troppo_un_Poco_Maestoso/IMSLP484062_PMLP01607_beethoven_9_01_concertgebouw_klemperer_1956_16048_-_cut_7_t___183.268667-_-214.766542_t___
Johannes_Brahms/Symphony_no_2_in_D_major_Op_73_I_Allegro_non_troppo/Symphony_No_2_in_D_Major_Op_73_I_Allegro_non_troppo_from_m4a_-_cut_1_t___0.0-_-31.973875_t___
Joaquin_Montanes_Castellano/Agarrate_Saxo/Ag_rrate_Saxo_Joaqu_n_Monta_s_Castellano_Pasodoble_128_kbps_-_cut_8_t___210.624187-_--1_t___
Ludwig_van_Beethoven/Symphony_no_1_in_C_major_Op_21_IV_Adagio_Allegro_molto_e_vivace/Symphony_No_1_in_C_major_Op_21_IV_Adagio_Allegro_molto_e_vivace_1_from_wav_-_cut_6_t___151.503521-_-180.645104_t___
Frédéric_Chopin/Nocturne_in_Csharp_minor_Lento_con_gran_espressione_B_49_Op_posth/Nocturne_in_C_sharp_minor__Lento_con_gran_espressione___B__49__Op__posth___-_cut_8_t___216.349875-_--1_t___
Johann_Sebastian_Bach/Toccata_and_Fugue_in_D_minor_BWV_565/Toccata_and_Fugue_in_Dm_BWV_565_-_cut_13_t___329.435854-_-355.578021_t___
Francisco_Tarrega/23_Variaciones_sobre_el_carnaval_de_Venecia_de_Paganini/23_Variaciones_sobre_el_carnaval_de_Venecia_de_Paganini_from_m4a_-_cut_4_t___88.814789-_-117.998686_t___
Frédéric_Chopin/N_3___Etudes_Op_10/Etude_Op__10__no__3_in_E_major____Tristesse__-_cut_1_t___0.0-_-35.329146_t___
Frédéric_Chopin/Bolero_Op_19/Bolero__Op__19_from_m4a_-_cut_4_t___87.149229-_-118.831125_t___
Frédéric_Chopin/Waltzes_Op_69_1/Waltz_in_A_flat_major_Farewell_Op_69_no_1_-_cut_7_t___185.920167-_-215.154083_t___
Johann_Sebastian_Bach/Fugue_in_G_minor_Little_BWV_578/Fugue_in_G_Minor_The_Little_-_cut_4_t___68.019875-_-86.097875_t___
Ludwig_van_Beethoven/Beethoven_9th_Symphony_Op_125_II_Scherzo_Molto_Vivace_Presto/Beethoven_Symphony_No_9_II_Scherzo_Molto_Vivace_Presto_from_wav_-_cut_23_t___595.460896-_-629.373667_t___
Frédéric_Chopin/Polonaise_in_Fsharp_minor_Op_44/Polonaise_in_F_sharp_minor_Op_44_EDIT_from_wav_-_cut_1_t___0.0-_-34.202979_t___
Frédéric_Chopin/Mazurkas_Op_17_N_4/Mazurka_in_A_minor__Op__17_no__4_-_cut_9_t___240.512312-_-269.387292_t___
Frédéric_Chopin/Nocturnes_Op_37_N_1/Nocturne_Op__37_no__1_in_G_minor_-_cut_3_t___61.196187-_-93.065604_t___
Frédéric_Chopin/Nocturnes_Op_62_N_2/Nocturne_in_E_major__Op__62_no__2_-_cut_1_t___0.0-_-36.641083_t___
Johannes_Brahms/Symphony_No_3_in_F_Major_Op_90_II_Andante/Brams_Symphony_No_3_in_F_Op_90_II_Andante_from_wav_-_cut_7_t___185.199667-_-209.259833_t___
Frédéric_Chopin/Valsa_Minuto_1/Waltz_in_D_flat_major_Minute_Op_64_no_1_1_-_cut_4_t___98.469354-_--1_t___
Camille_Saint_Saens/Samson_and_Delilah_Op_47_Danse_Baccanale/Samson_and_Delilah_Op_47_Danse_Baccanale_-_cut_3_t___61.538104-_-90.561229_t___
Frédéric_Chopin/Nocturnes_Op_15_N_3/Nocturne_in_G_minor__Op__15_no__3_from_m4a_-_cut_3_t___55.820771-_-86.238917_t___
Frédéric_Chopin/Impromptu_no_3_in_Gflat_major_Op_51/Impromptu_no__3_in_G_flat_major__Op__51__1__from_m4a_-_cut_12_t___363.540875-_--1_t___
Wolfgang_Amadeus_Mozart/Requiem_Mozart_VIII_Communio_Lux_aeterna_MozartSssmayr/IMSLP581270_PMLP02751_Mozart_Requiem_14_Karajan_1962_from_wav_-_cut_4_t___91.230448-_-122.085433_t___
Wolfgang_Amadeus_Mozart/Piano_Sonata_no_14_K_457_II_Adagio/Piano_Sonata_no_14_K_457_II_Adagio_-_cut_4_t___90.870698-_-121.680698_t___
Frédéric_Chopin/Piano_Sonata_no_2_in_Bflat_minor_Funeral_March_op_35_MOV_2/Sonata_no_2_in_B_flat_minor_Funeral_march_II_Scherzo_1_-_cut_15_t___427.053833-_--1_t___
Johannes_Brahms/Symphony_No_3_in_F_Major_Op_90_II_Andante/Brams_Symphony_No_3_in_F_Op_90_II_Andante_from_wav_-_cut_8_t___209.259833-_-243.301354_t___
Ludwig_van_Beethoven/Beethoven_Symphony_no_1_in_C_major_Op_21_II_Andante_cantabile_con_moto/Symphony_no_1_in_C_Op_21_II_Andante_cantibile_con_moto_-_cut_10_t___269.988604-_-300.225312_t___
Ludwig_van_Beethoven/Symphony_no_1_in_C_major_Op_21_II_Andante_cantabile_con_moto/Symphony_no_1_in_C_Op_21_II_Andante_cantibile_con_moto_1_-_cut_14_t___391.907458-_-418.262104_t___
Francisco_Tarrega/47_Sueo_Trmolo/47_Sue_o_Tr_molo_from_m4a_-_cut_3_t___61.29219-_-89.858053_t___
Ludwig_van_Beethoven/Sinfona_n_7_de_Beethoven_Op_92_4_Allegro_con_brio/Beethoven_Symphony_No_7_in_A_major_op_92_IV_Allegro_con_brio_-_cut_2_t___35.514958-_-55.484125_t___
Ludwig_van_Beethoven/Beethoven_9th_Symphony_Op_125_III_Adagio_Molto_e_Cantabile/Beethoven_Symphony_No_9_in_D_minor_Op_125_III_Adagio_Molto_e_Cantabile_from_wav_-_cut_31_t___905.969792-_-931.674292_t___
Frédéric_Chopin/Nocturnes_Op_37_N_1/Nocturne_Op__37_no__1_in_G_minor_-_cut_12_t___333.361187-_-363.709021_t___
Frédéric_Chopin/Piano_Sonata_no_2_in_Bflat_minor_Funeral_March_op_35_MOV_1/Sonata_no__2_in_B_flat_minor__Funeral_march____I__Grave__Doppio_movimento__1__-_cut_7_t___181.776792-_-210.68075_t___
Frédéric_Chopin/Waltzes_Op_70_2/Waltz_in_F_minor_Op_70_no_2_1_from_m4a_-_cut_3_t___57.597083-_-92.601146_t___
Frédéric_Chopin/Preludes_Op_28_6/Preludes_Op_28_No_6_Tolling_bells_-_cut_2_t___31.149562-_-60.638896_t___
Ludwig_van_Beethoven/Symphony_no_2_in_D_Major_Op_36_IV_Allegro_molto/Symphony_no_2_in_D_Major_Op_36_IV_Allegro_molto_from_wav_-_cut_8_t___212.482146-_-241.201792_t___
Frédéric_Chopin/Mazurkas_Op_6_N_2/Mazurka_in_C_sharp_minor__Op__6_no__2_-_cut_2_t___30.999333-_-60.198583_t___
Frédéric_Chopin/Mazurkas_Op_56_N_3/Mazurka_in_C_minor__Op__56_no__3_-_cut_8_t___209.76275-_-239.008292_t___
Frédéric_Chopin/Mazurkas_Op_7_N_1/Mazurka_in_B_flat_major__Op__7_no__1_EDIT_from_wav_-_cut_3_t___61.80375-_-91.908417_t___
Camille_Saint_Saens/Samson_and_Delilah_Op_47_Danse_Baccanale/Samson_and_Delilah_Op_47_Danse_Baccanale_-_cut_10_t___268.831718-_-299.55169_t___
Frédéric_Chopin/Preludes_Op_28_6/Preludes_Op_28_No_6_Tolling_bells_from_m4a_-_cut_4_t___84.954521-_--1_t___
Frédéric_Chopin/Piano_Sonata_no_2_in_Bflat_minor_Funeral_March_op_35_MOV_3/Sonata_no_2_in_B_flat_minor_Funeral_march_III_Marche_Funebre_Lento_-_cut_12_t___330.907583-_-358.132979_t___
Ludwig_van_Beethoven/Beethoven_9th_Symphony_Op_125_IV_Presto_Allegro_Assai/Beethoven_Symphony_No_9_in_D_minor_Op_125_IV_Final_from_wav_-_cut_30_t___842.214625-_-874.072396_t___
Johannes_Brahms/Symphony_no_2_in_D_major_Op_73_III_Allegretto_Grazioso/Symphony_No_2_in_D_Major_Op_73_III_Allegretto_Grazioso_take_1_from_m4a_-_cut_7_t___176.604396-_-212.548896_t___
Francisco_Tarrega/23_Variaciones_sobre_el_carnaval_de_Venecia_de_Paganini/23_Variaciones_sobre_el_carnaval_de_Venecia_de_Paganini_from_m4a_-_cut_2_t___31.933883-_-61.502019_t___
Ludwig_van_Beethoven/Beethoven_Symphony_no_1_in_C_major_Op_21_I_Adagio_molto_allegro_con_brio/Symphony_no_1_in_C_Op_21_I_Adagio_molto_Allegro_con_brio_-_cut_11_t___299.728208-_-327.267062_t___
Johannes_Brahms/Symphony_No_1_in_C_minor_Op_68_I_Un_poco_sostenuto_Allegro/Symphony_No_1_in_C_Minor_Op_68_I_Un_poco_sostenuto_Allegro_from_m4a_-_cut_1_t___0.0-_-29.280375_t___
Wolfgang_Amadeus_Mozart/Piano_Sonata_no_14_K_457_II_Adagio/Piano_Sonata_no_14_K_457_II_Adagio_-_cut_2_t___30.342734-_-65.48_t___
Johannes_Brahms/Symphony_No_3_in_F_Major_Op_90_I_Allegro_con_brio/Brahms_Symphony_No_3_in_F_major_Op_90_I_Allegro_con_brio_from_wav_-_cut_14_t___393.879896-_-423.517042_t___
Ludwig_van_Beethoven/Beethoven_Symphony_no_1_in_C_major_Op_21_III_Minuetto_and_trio/Symphony_No_1_in_C_major_Op_21_III_Minuetto_and_trio_from_wav_-_cut_2_t___35.8515-_-62.600875_t___
Johannes_Brahms/Symphony_No_4_in_E_Minor_Op_98_III_Allegro_giocoso/Symphony_No_4_in_E_Minor_Op_98_III_Allegro_Giocoso_from_m4a_-_cut_4_t___90.891687-_-114.932417_t___
Frédéric_Chopin/Mazurkas_Op_6_N_3/Mazurka_in_E_major__Op__6_no__3_EDIT_from_wav_-_cut_2_t___31.561958-_-57.837937_t___
Pyotr_Ilyich_Tchaikovsky/Symphony_no_6_in_B_minor_Pathtique_Op_74_IV_Finale_Adagio_lamentoso_Andante/Symphony_No_6_in_B_minor_Op_74_Pathetique_IV_Finale_Adagio_lamentoso_from_m4a_-_cut_17_t___482.626884-_-522.55326_t___
Ludwig_van_Beethoven/Beethoven_9th_Symphony_Op_125_I_Allegro_Ma_Non_Troppo_un_Poco_Maestoso/IMSLP484062_PMLP01607_beethoven_9_01_concertgebouw_klemperer_1956_16048_-_cut_22_t___634.833625-_-661.73_t___
Frédéric_Chopin/N_7___Etudes_Op_25/Etude_Op__25_no__7_in_C_sharp_minor___Cello___1__from_wav_-_cut_4_t___89.572062-_-119.978583_t___
Johannes_Brahms/Symphony_no_2_in_D_major_Op_73_I_Allegro_non_troppo/Symphony_No_2_in_D_Major_Op_73_I_Allegro_non_troppo_from_m4a_-_cut_32_t___931.30925-_-960.020687_t___
Frédéric_Chopin/Mazurkas_Op_7_N_2/Mazurka_in_A_minor__Op__7_no__2_EDIT_from_wav_-_cut_6_t___152.717-_--1_t___
Frédéric_Chopin/Waltzes_Op_69_1/Waltz_in_A_flat_major_Farewell_Op_69_no_1_-_cut_8_t___215.154083-_-238.977771_t___
Frédéric_Chopin/Preludes_Op_20/Preludes_Op_28_No_20_Funeral_march_1_-_cut_1_t___0.0-_-28.5025_t___
Ludwig_van_Beethoven/Beethoven_Symphony_no_1_in_C_major_Op_21_I_Adagio_molto_allegro_con_brio/Symphony_no_1_in_C_Op_21_I_Adagio_molto_Allegro_con_brio_-_cut_17_t___474.9005-_-505.520312_t___
Pyotr_Ilyich_Tchaikovsky/Symphony_no_6_in_B_minor_Pathtique_Op_74_IV_Finale_Adagio_lamentoso_Andante/Symphony_No_6_in_B_minor_Op_74_Pathetique_IV_Finale_Adagio_lamentoso_from_m4a_-_cut_19_t___572.35326-_-601.752258_t___
Frédéric_Chopin/Mazurkas_Op_63_N_3/Mazurka_in_C_sharp_minor__Op__63_no__3_EDIT_from_wav_-_cut_2_t___32.123875-_-59.674354_t___
Antonin_Dvorak/Dvok_Serenade_for_Wind_Instruments_Op_44_II_Minuetto/Dvo_k_Serenade_for_Wind_in_D_minor_Op_44_2_Minuetto_Tempo_di_minuetto_-_cut_1_t___0.0-_-28.55301_t___
Ludwig_van_Beethoven/Beethoven_Symphony_no_1_in_C_major_Op_21_IV_Adagio_Allegro_molto_e_vivace/Symphony_no_1_in_C_Op_21_IV_Adagio_Allegro_molto_e_vivace_-_cut_11_t___302.508562-_--1_t___
Johannes_Brahms/Symphony_No_4_in_E_Minor_Op_98_IV_Allegro_energico_e_passionato/Symphony_No_4_in_E_Minor_Op_98_IV_Allegro_Energico_e_Passionato_-_cut_1_t___0.0-_-35.352396_t___
Frédéric_Chopin/Piano_Sonata_no_2_in_Bflat_minor_Funeral_March_op_35_MOV_3/Sonata_no_2_in_B_flat_minor_Funeral_march_III_Marche_Funebre_Lento_-_cut_3_t___63.563896-_-91.694854_t___
Frédéric_Chopin/Mazurkas_Op_56_N_1/Mazurka_in_B_major__Op__56_no__1_from_m4a_-_cut_4_t___88.657812-_-123.905479_t___
Johannes_Brahms/Symphony_No_1_in_C_minor_Op_68_I_Un_poco_sostenuto_Allegro/Symphony_No_1_in_C_Minor_Op_68_I_Un_poco_sostenuto_Allegro_from_m4a_-_cut_22_t___600.029167-_-615.247146_t___
Ludwig_van_Beethoven/Beethoven_9th_Symphony_Op_125_I_Allegro_Ma_Non_Troppo_un_Poco_Maestoso/IMSLP7_1_-_cut_19_t___542.124854-_-567.585542_t___
Frédéric_Chopin/Piano_Sonata_no_2_in_Bflat_minor_Funeral_March_op_35_MOV_3/Sonata_no_2_in_B_flat_minor_Funeral_march_III_Marche_Funebre_Lento_-_cut_11_t___302.323812-_-330.907583_t___
Frédéric_Chopin/Piano_Sonata_no_2_in_Bflat_minor_Funeral_March_op_35_MOV_2/Sonata_no_2_in_B_flat_minor_Funeral_march_II_Scherzo_-_cut_12_t___330.042542-_-368.610896_t___
Ludwig_van_Beethoven/Beethoven_Symphony_no_1_in_C_major_Op_21_III_Minuetto_and_trio/Symphony_no_1_in_C_Op_21_III_Menuetto_Allegro_molto_e_vivace_-_cut_3_t___59.524292-_-243.811479_t___
Wolfgang_Amadeus_Mozart/Rondo_in_A_minor_K_511/Rondo_No_3_in_A_Minor_K_511_-_cut_10_t___270.86634-_-301.78634_t___
Ludwig_van_Beethoven/Sinfona_n_7_de_Beethoven_Op_92_2_Allegretto/L_V_Beethoven_Sinfon_a_No_7_en_La_Mayor_Op_92_Mov_2_Allegretto_-_cut_12_t___333.473104-_-364.336521_t___
Frédéric_Chopin/Mazurkas_Op_17_N_4/Mazurka_in_A_minor__Op__17_no__4_-_cut_7_t___179.246458-_-210.0245_t___
Wolfgang_Amadeus_Mozart/Piano_Sonata_no_14_K_457_III_Molto_allegro/Piano_Sonata_no_14_K_457_III_Molto_allegro_-_cut_10_t___270.428516-_--1_t___
Ludwig_van_Beethoven/Sinfona_n_7_de_Beethoven_Op_92_1_Poco_sostenuto_vivace/L_V_Beethoven_Sinfon_a_No_7_en_La_Mayor_Op_92_Mov_1_Poco_sostenuto_Vivace_-_cut_23_t___663.255333-_-688.394833_t___
Frédéric_Chopin/Waltzes_Op_70_1/Waltz_in_G_flat_major_Op_70_no_1_1_from_m4a_-_cut_4_t___93.824083-_--1_t___
Wolfgang_Amadeus_Mozart/Fantasia_in_D_minor_K_397/Fantasia_in_Dm_K_397_2_-_cut_8_t___211.971375-_-247.472771_t___
Ludwig_van_Beethoven/Beethoven_9th_Symphony_Op_125_I_Allegro_Ma_Non_Troppo_un_Poco_Maestoso/IMSLP7_1_-_cut_1_t___0.0-_-25.553542_t___
Ludwig_van_Beethoven/Beethoven_9th_Symphony_Op_125_I_Allegro_Ma_Non_Troppo_un_Poco_Maestoso/IMSLP7_1_-_cut_11_t___295.423083-_-323.240562_t___
Frédéric_Chopin/Funeral_March_in_C_minor_Op_posth_72_no_2/Funeral_March_in_C_minor__Op__posth__72_no__2_from_m4a_-_cut_1_t___0.0-_-31.692375_t___
Pyotr_Ilyich_Tchaikovsky/Symphony_no_6_in_B_minor_Pathtique_Op_74_I_Adagio_Allegro_non_troppo_Andante/Symphony_No_6_In_B_Minor_Op_74_Pathetique_I_Adagio_Allegro_Non_Troppo_from_m4a_-_cut_18_t___661.110929-_-693.232906_t___
Ludwig_van_Beethoven/Sinfona_n_7_de_Beethoven_Op_92_4_Allegro_con_brio/Beethoven_Symphony_No_7_in_A_major_op_92_IV_Allegro_con_brio_-_cut_12_t___356.631479-_-390.776417_t___
Johannes_Brahms/Symphony_No_3_in_F_Major_Op_90_IV_Allegro/Brahms_Symphony_No_3_in_F_major_Op_90_IV_Allegro_from_wav_-_cut_7_t___182.821625-_-215.259896_t___
Frédéric_Chopin/N_7___Etudes_Op_25/Etude_Op__25_no__7_in_C_sharp_minor___Cello___1__from_wav_-_cut_6_t___151.766708-_-182.645292_t___
Ludwig_van_Beethoven/Coriolan_Overture_Op_62/Coriolan_Overture_Op_62_from_m4a_-_cut_6_t___155.039625-_-176.262667_t___
Frédéric_Chopin/Ballade_no_4_Op_52/Ballade_no__2__Frank_Levy_COMPRIMIDO_from_m4a_-_cut_5_t___119.567646-_-151.392021_t___
Ludwig_van_Beethoven/Coriolan_Overture_Op_62/Coriolan_Overture_Op_62_from_m4a_-_cut_4_t___88.456417-_-119.768521_t___
Johannes_Brahms/Symphony_No_4_in_E_Minor_Op_98_IV_Allegro_energico_e_passionato/Symphony_No_4_in_E_Minor_Op_98_IV_Allegro_Energico_e_Passionato_-_cut_3_t___62.217896-_-91.939417_t___
Johannes_Brahms/Symphony_No_1_in_C_minor_Op_68_I_Un_poco_sostenuto_Allegro/Symphony_No_1_in_C_Minor_Op_68_I_Un_poco_sostenuto_Allegro_from_m4a_-_cut_17_t___451.119708-_-478.715792_t___
Wolfgang_Amadeus_Mozart/Piano_Sonata_no_14_K_457_I_Allegro/Piano_Sonata_no_14_K_457_I_Allegro_Second_repeat_omitted_-_cut_12_t___331.674816-_-360.425732_t___
Frédéric_Chopin/Mazurkas_Op_6_N_3/Mazurka_in_E_major__Op__6_no__3_EDIT_from_wav_-_cut_3_t___57.837937-_-90.632271_t___
Ludwig_van_Beethoven/Beethoven_Symphony_no_1_in_C_major_Op_21_IV_Adagio_Allegro_molto_e_vivace/Symphony_No_1_in_C_major_Op_21_IV_Adagio_Allegro_molto_e_vivace_from_wav_-_cut_9_t___241.124729-_-272.866417_t___
Johannes_Brahms/Symphony_No_4_in_E_Minor_Op_98_II_Andante_moderato/Symphony_No_4_in_E_Minor_Op_98_II_Andante_Moderato_from_m4a_-_cut_20_t___597.327729-_-632.331792_t___
Johannes_Brahms/Symphony_No_1_in_C_minor_Op_68_I_Un_poco_sostenuto_Allegro/Symphony_No_1_in_C_Minor_Op_68_I_Un_poco_sostenuto_Allegro_from_m4a_-_cut_25_t___660.696125-_-690.251583_t___
Frédéric_Chopin/Berceuse_Op_57/Berceuse_in_D_flat_major__Op__57___1__-_cut_8_t___212.271729-_-238.853125_t___
Ludwig_van_Beethoven/Beethoven_Symphony_no_1_in_C_major_Op_21_I_Adagio_molto_allegro_con_brio/Symphony_no_1_in_C_Op_21_I_Adagio_molto_Allegro_con_brio_-_cut_15_t___422.091458-_-453.717021_t___
Ludwig_van_Beethoven/Beethoven_Symphony_no_1_in_C_major_Op_21_IV_Adagio_Allegro_molto_e_vivace/Symphony_No_1_in_C_major_Op_21_IV_Adagio_Allegro_molto_e_vivace_from_wav_-_cut_11_t___298.849562-_-328.396937_t___
Johannes_Brahms/Symphony_No_1_in_C_minor_Op_68_IV_Adagio_Piu_andante_Allegro_non_troppo_ma_con_brio/SYMPHO_1_from_m4a_-_cut_2_t___30.870937-_-88.630583_t___
Frédéric_Chopin/N_1___3_Notturni_op_9/Nocturne_in_B_flat_minor__Op__9_no__1_-_cut_5_t___118.266417-_-154.297771_t___
Johannes_Brahms/Symphony_No_3_in_F_Major_Op_90_I_Allegro_con_brio/Brams_Symphony_No_3_in_F_Op_90_I_Allegro_con_brio_from_wav_-_cut_8_t___209.161958-_-238.790625_t___
Johannes_Brahms/Symphony_no_2_in_D_major_Op_73_III_Allegretto_Grazioso/Symphony_No_2_in_D_Major_Op_73_III_Allegretto_Grazioso_take_1_from_m4a_-_cut_3_t___62.330312-_-91.043708_t___
Johannes_Brahms/Symphony_No_1_in_C_minor_Op_68_I_Un_poco_sostenuto_Allegro/Symphony_No_1_in_C_Minor_Op_68_I_Un_poco_sostenuto_Allegro_from_m4a_-_cut_29_t___779.182625-_-811.547437_t___
Frédéric_Chopin/Polonaise_in_Fsharp_minor_Op_44/Polonaise_in_F_sharp_minor_Op_44_EDIT_from_wav_-_cut_18_t___511.862646-_-543.06375_t___
Frédéric_Chopin/Piano_Sonata_no_2_in_Bflat_minor_Funeral_March_op_35_MOV_3/Sonata_no_2_in_B_flat_minor_Funeral_march_III_Marche_Funebre_Lento_-_cut_8_t___212.067833-_-244.935687_t___
Frédéric_Chopin/Nocturnes_Op_37_N_2/Nocturne_Op__37_no__2_in_G_major_from_m4a_-_cut_11_t___298.015646-_-329.211646_t___
Jose_Perez_Ballester/Solemnidad/SOLEMNIDAD_Jos_P_rez_Ballester_-_cut_3_t___58.039542-_-93.095937_t___
Francisco_Tarrega/23_Variaciones_sobre_el_carnaval_de_Venecia_de_Paganini/23_Variaciones_sobre_el_carnaval_de_Venecia_de_Paganini_from_m4a_-_cut_14_t___391.313483-_-419.131251_t___
Ludwig_van_Beethoven/Beethoven_9th_Symphony_Op_125_I_Allegro_Ma_Non_Troppo_un_Poco_Maestoso/IMSLP7_1_-_cut_6_t___154.326229-_-184.007562_t___
Wolfgang_Amadeus_Mozart/Piano_Sonata_no_17_in_BFlat_Major_K_570_2_Adagio/02_1_Allegro_2_Adagio_3_Allegretto_RECORTADO_-_cut_11_t___304.358117-_-332.118117_t___
Ludwig_van_Beethoven/Beethoven_9th_Symphony_Op_125_I_Allegro_Ma_Non_Troppo_un_Poco_Maestoso/IMSLP484062_PMLP01607_beethoven_9_01_concertgebouw_klemperer_1956_16048_-_cut_3_t___55.240292-_-92.287729_t___
Frédéric_Chopin/Funeral_March_in_C_minor_Op_posth_72_no_2/Funeral_March_in_C_minor__Op__posth__72_no__2_from_m4a_-_cut_3_t___65.442583-_-93.341354_t___
Frédéric_Chopin/Nocturnes_Op_48_N_1/Nocturne_in_C_minor__Op__48_no__1_-_cut_1_t___0.0-_-29.384854_t___
Johannes_Brahms/Symphony_no_2_in_D_major_Op_73_IV_Allegro_Con_Spirito/Symphony_No_2_in_D_Major_Op_73_IV_Allegro_Con_Spirito_from_m4a_-_cut_18_t___478.444812-_-505.739875_t___
Johannes_Brahms/Symphony_no_2_in_D_major_Op_73_II_Adagio_non_toppo/Symphony_No_2_in_D_Major_Op_73_II_Adagio_non_toppo_from_m4a_-_cut_14_t___409.248917-_-445.524083_t___
Frédéric_Chopin/Mazurkas_Op_17_N_4/Mazurka_in_A_minor__Op__17_no__4__2__-_cut_5_t___116.361354-_-154.737458_t___
Ludwig_van_Beethoven/Sinfona_n_7_de_Beethoven_Op_92_4_Allegro_con_brio/Beethoven_Symphony_No_7_in_A_major_op_92_IV_Allegro_con_brio_-_cut_1_t___0.0-_-35.514958_t___
Frédéric_Chopin/Piano_Sonata_no_2_in_Bflat_minor_Funeral_March_op_35_MOV_3/Sonata_no_2_in_B_flat_minor_Funeral_march_III_Marche_Funebre_Lento_-_cut_17_t___485.053208-_-510.304917_t___
Ludwig_van_Beethoven/Coriolan_Overture_Op_62/Coriolan_Overture_Op_62_from_m4a_-_cut_15_t___418.533875-_-451.390104_t___
Johannes_Brahms/Symphony_no_2_in_D_major_Op_73_II_Adagio_non_toppo/Symphony_No_2_in_D_Major_Op_73_II_Adagio_non_toppo_from_m4a_-_cut_9_t___244.993729-_-267.082104_t___
Frédéric_Chopin/Mazurkas_Op_56_N_3/Mazurka_in_C_minor__Op__56_no__3_-_cut_12_t___327.352354-_-360.847146_t___
Frédéric_Chopin/Mazurkas_Op_56_N_3/Mazurka_in_C_minor__Op__56_no__3_from_m4a_-_cut_5_t___119.835125-_-154.266312_t___
Frédéric_Chopin/Valsa_Minuto_2/Waltz_in_C_sharp_minor_Op_64_no_2_-_cut_5_t___118.788-_-147.83_t___
Antonin_Dvorak/Dvok_Symphony_no_8_Op_88_I_Allegro_con_brio/Symphony_no_8_Op_88_I_Allegro_con_brio_-_cut_20_t___572.766797-_--1_t___
Johannes_Brahms/Symphony_No_4_in_E_Minor_Op_98_III_Allegro_giocoso/Symphony_No_4_in_E_Minor_Op_98_III_Allegro_Giocoso_from_m4a_-_cut_6_t___154.824292-_-177.916542_t___
Pyotr_Ilyich_Tchaikovsky/Symphony_no_6_in_B_minor_Pathtique_Op_74_IV_Finale_Adagio_lamentoso_Andante/Symphony_No_6_in_B_minor_Op_74_Pathetique_IV_Finale_Adagio_lamentoso_from_m4a_-_cut_13_t___377.036884-_-390.896884_t___
Wolfgang_Amadeus_Mozart/Fantasia_in_D_minor_K_397/Fantasia_in_Dm_K_397_2_-_cut_12_t___330.316187-_--1_t___
Johannes_Brahms/Symphony_No_3_in_F_Major_Op_90_II_Andante/Brahms_Symphony_No_3_in_F_major_Op_90_II_Audante_from_wav_-_cut_10_t___275.871396-_-299.950479_t___
Frédéric_Chopin/N_1___3_Notturni_op_9/Nocturne_in_B_flat_minor__Op__9_no__1_-_cut_7_t___182.602896-_-214.739312_t___
Frédéric_Chopin/Waltzes_Op_70_2/Waltz_in_F_minor_Op_70_no_2_1_-_cut_3_t___65.097146-_-94.969604_t___
Wolfgang_Amadeus_Mozart/Fantasia_in_D_minor_K_397/ESTE Fantasia_in_D_minor_K_397_-_cut_3_t___65.406729-_-92.456729_t___
Frédéric_Chopin/Nocturnes_Op_37_N_1/Nocturne_Op__37_no__1_in_G_minor_EDIT_from_wav_-_cut_12_t___329.077292-_-362.223_t___
Johannes_Brahms/Symphony_No_1_in_C_minor_Op_68_III_Un_poco_allegretto_e_grazioso/Symphony_No_1_in_C_Minor_Op_68_III_Un_poco_allegretto_e_grazioso_from_m4a_-_cut_3_t___56.289167-_-92.605167_t___
Frédéric_Chopin/Waltzes_Op_69_1/Waltz_in_A_flat_major_Farewell_Op_69_no_1_from_m4a_-_cut_6_t___145.902521-_-183.19625_t___
Ludwig_van_Beethoven/Symphony_no_1_in_C_major_Op_21_IV_Adagio_Allegro_molto_e_vivace/Symphony_No_1_in_C_major_Op_21_IV_Adagio_Allegro_molto_e_vivace_1_from_wav_-_cut_9_t___241.124729-_-272.866417_t___
Ludwig_van_Beethoven/Beethoven_9th_Symphony_Op_125_III_Adagio_Molto_e_Cantabile/Beethoven_Symphony_No_9_in_D_minor_Op_125_III_Adagio_Molto_e_Cantabile_from_wav_-_cut_10_t___276.248292-_-309.706062_t___
Frédéric_Chopin/Nocturnes_Op_62_N_2/Nocturne_in_E_major__Op__62_no__2_from_m4a_-_cut_8_t___206.985771-_-238.828687_t___
Frédéric_Chopin/Piano_Sonata_no_2_in_Bflat_minor_Funeral_March_op_35_MOV_4/Sonata_no_2_in_B_flat_minor_Funeral_march_IV_Finale_Presto_-_cut_1_t___0.0-_-31.435375_t___
Frédéric_Chopin/Piano_Sonata_no_2_in_Bflat_minor_Funeral_March_op_35_MOV_3/Sonata_no_2_in_B_flat_minor_Funeral_march_III_Marche_Funebre_Lento_OTRA_-_cut_18_t___507.712146-_--1_t___
Johannes_Brahms/Symphony_no_2_in_D_major_Op_73_IV_Allegro_Con_Spirito/Symphony_No_2_in_D_Major_Op_73_IV_Allegro_Con_Spirito_from_m4a_-_cut_7_t___180.906604-_-212.067792_t___
Ludwig_van_Beethoven/Symphony_no_1_in_C_major_Op_21_I_Adagio_molto_allegro_con_brio/Symphony_no_1_in_C_Op_21_I_Adagio_molto_Allegro_con_brio_1_-_cut_3_t___60.077792-_-91.953417_t___
Wolfgang_Amadeus_Mozart/Fantasia_in_D_minor_K_397/Fantasia_in_Dm_K_397_Adagio_-_cut_11_t___302.376-_--1_t___
Wolfgang_Amadeus_Mozart/Piano_Sonata_no_7_K_309_1_Allegro/01_Piano_Sonata_no_7_in_C_RECORTADO_-_cut_6_t___152.23525-_-178.69525_t___
Ludwig_van_Beethoven/Beethoven_9th_Symphony_Op_125_I_Allegro_Ma_Non_Troppo_un_Poco_Maestoso/IMSLP484062_PMLP01607_beethoven_9_01_concertgebouw_klemperer_1956_16048_-_cut_28_t___812.748958-_-839.48675_t___
Frédéric_Chopin/Mazurkas_Op_56_N_3/Mazurka_in_C_minor__Op__56_no__3_-_cut_5_t___122.613-_-155.798562_t___
Ludwig_van_Beethoven/Symphony_no_2_in_D_Major_Op_36_IV_Allegro_molto/Symphony_no_2_in_D_Major_Op_36_IV_Allegro_molto_-_cut_12_t___324.142708-_-358.635958_t___
Frédéric_Chopin/Nocturnes_Op_37_N_1/Nocturne_Op__37_no__1_in_G_minor_EDIT_from_wav_-_cut_7_t___182.47025-_-215.825708_t___
Abel_Moreno/La_Madruga/La_Madruga_Marcha_de_Palio_Seville_Procession_-_cut_13_t___360.427671-_-392.92393_t___
Frédéric_Chopin/Mazurkas_Op_63_N_3/Mazurka_in_C_sharp_minor__Op__63_no__3__-_cut_4_t___87.623583-_-123.312667_t___
Frédéric_Chopin/Mazurkas_Op_56_N_1/Mazurka_in_B_major__Op__56_no__1_from_m4a_-_cut_6_t___151.246333-_-180.224208_t___
Johannes_Brahms/Symphony_No_3_in_F_Major_Op_90_I_Allegro_con_brio/Brams_Symphony_No_3_in_F_Op_90_I_Allegro_con_brio_from_wav_-_cut_7_t___180.38725-_-209.161958_t___
Abel_Moreno/La_Madruga/La_Madruga_Marcha_de_Palio_Seville_Procession_-_cut_12_t___332.296651-_-360.427671_t___
Wolfgang_Amadeus_Mozart/Fantasia_in_D_minor_K_397/Fantasia_in_Dm_K_397_2_-_cut_3_t___66.092458-_-92.541146_t___
Ludwig_van_Beethoven/Sinfona_n_7_de_Beethoven_Op_92_2_Allegretto/L_V_Beethoven_Sinfon_a_No_7_en_La_Mayor_Op_92_Mov_2_Allegretto_-_cut_2_t___27.26025-_-61.056896_t___
Ludwig_van_Beethoven/Coriolan_Overture_Op_62/Coriolan_Overture_Op_62_from_m4a_-_cut_14_t___387.813875-_-418.533875_t___
Ludwig_van_Beethoven/Beethoven_9th_Symphony_Op_125_II_Scherzo_Molto_Vivace_Presto/Beethoven_Symphony_No_9_II_Scherzo_Molto_Vivace_Presto_from_wav_-_cut_14_t___330.205146-_-389.067708_t___
Frédéric_Chopin/Preludes_Op_20/Preludes_Op_28_No_20_Funeral_march_2_-_cut_1_t___0.0-_-25.89025_t___
Ludwig_van_Beethoven/Symphony_no_1_in_C_major_Op_21_II_Andante_cantabile_con_moto/Symphony_No_1_in_C_major_Op_21_II_Andante_cantabile_con_moto_1_from_wav_-_cut_11_t___298.764271-_-327.266771_t___
Frédéric_Chopin/Funeral_March_in_C_minor_Op_posth_72_no_2/Funeral_March_in_C_minor__Op__posth__72_no__2_from_m4a_-_cut_6_t___154.288312-_-179.625354_t___
Johannes_Brahms/Symphony_No_1_in_C_minor_Op_68_IV_Adagio_Piu_andante_Allegro_non_troppo_ma_con_brio/SYMPHO_1_from_m4a_-_cut_1_t___0.0-_-30.870937_t___
Johannes_Brahms/Symphony_No_3_in_F_Major_Op_90_II_Andante/Brahms_Symphony_No_3_in_F_major_Op_90_II_Audante_from_wav_-_cut_3_t___59.304708-_-88.100896_t___
Frédéric_Chopin/Piano_Concerto_no_2_in_F_minor_Op_21_Mov_3/Piano_Concerto_no__2_in_F_minor__Op__21___III__Allegro_vivace_from_ogg_-_cut_17_t___484.930396-_--1_t___
Frédéric_Chopin/Valsa_Minuto_2/Waltz_in_C_sharp_minor_Op_64_no_2_-_cut_4_t___88.050062-_-118.788_t___
Johannes_Brahms/Symphony_No_1_in_C_minor_Op_68_II_Andante_sostenuto/Symphony_No_1_in_C_Minor_Op_68_II_Andante_sostenuto_from_m4a_-_cut_3_t___68.429208-_-93.460312_t___
Frédéric_Chopin/Ballade_no_4_Op_52/Ballade_no__2__Frank_Levy_COMPRIMIDO_from_m4a_-_cut_8_t___210.85825-_-242.53825_t___
Johannes_Brahms/Symphony_No_3_in_F_Major_Op_90_II_Andante/Symphony_No_3_in_F_Major_Op_90_II_Andante_from_m4a_-_cut_18_t___510.804896-_--1_t___
Frédéric_Chopin/Piano_Sonata_no_2_in_Bflat_minor_Funeral_March_op_35_MOV_3/Sonata_no_2_in_B_flat_minor_Funeral_march_III_Marche_Funebre_Lento_-_cut_19_t___542.940583-_-571.071562_t___
Ludwig_van_Beethoven/Symphony_no_1_in_C_major_Op_21_II_Andante_cantabile_con_moto/Symphony_no_1_in_C_Op_21_II_Andante_cantibile_con_moto_1_-_cut_10_t___269.988604-_-300.225312_t___
Johannes_Brahms/Symphony_No_1_in_C_minor_Op_68_IV_Adagio_Piu_andante_Allegro_non_troppo_ma_con_brio/SYMPHO_1_from_m4a_-_cut_12_t___362.658521-_-395.735375_t___
Johannes_Brahms/Symphony_No_1_in_C_minor_Op_68_IV_Adagio_Piu_andante_Allegro_non_troppo_ma_con_brio/SYMPHO_1_from_m4a_-_cut_8_t___241.117729-_-274.589312_t___
Wolfgang_Amadeus_Mozart/Piano_Sonata_no_14_K_457_I_Allegro/Piano_Sonata_no_14_K_457_I_Allegro_Second_repeat_omitted_-_cut_2_t___31.62-_-72.173024_t___
Johannes_Brahms/Symphony_No_4_in_E_Minor_Op_98_III_Allegro_giocoso/Symphony_No_4_in_E_Minor_Op_98_III_Allegro_Giocoso_from_m4a_-_cut_2_t___35.143646-_-64.577312_t___
Joaquin_Montanes_Castellano/Agarrate_Saxo/Ag_rrate_Saxo_Joaqu_n_Monta_s_Castellano_Pasodoble_128_kbps_-_cut_7_t___178.334583-_-210.624187_t___
Frédéric_Chopin/Piano_Sonata_no_2_in_Bflat_minor_Funeral_March_op_35_MOV_3/Sonata_no_2_in_B_flat_minor_Funeral_march_III_Marche_Funebre_Lento_OTRA_-_cut_4_t___92.251208-_-125.560229_t___
Ludwig_van_Beethoven/Beethoven_Symphony_no_1_in_C_major_Op_21_I_Adagio_molto_allegro_con_brio/Symphony_no_1_in_C_Op_21_I_Adagio_molto_Allegro_con_brio_-_cut_2_t___25.758687-_-60.077792_t___
Ludwig_van_Beethoven/Symphony_no_1_in_C_major_Op_21_IV_Adagio_Allegro_molto_e_vivace/Symphony_no_1_in_C_Op_21_IV_Adagio_Allegro_molto_e_vivace_1_-_cut_7_t___173.832208-_-207.303771_t___
Johannes_Brahms/Symphony_No_4_in_E_Minor_Op_98_III_Allegro_giocoso/Symphony_No_4_in_E_Minor_Op_98_III_Allegro_Giocoso_from_m4a_-_cut_3_t___64.577312-_-90.891687_t___
Frédéric_Chopin/Nocturnes_Op_48_N_2/Nocturne_in_F_sharp_minor__Op__48_no__2_-_cut_8_t___209.397792-_-244.796604_t___
Frédéric_Chopin/Nocturnes_Op_37_N_1/Nocturne_Op__37_no__1_in_G_minor_EDIT_from_wav_-_cut_4_t___93.762187-_-123.100604_t___
Johannes_Brahms/Symphony_no_2_in_D_major_Op_73_I_Allegro_non_troppo/Symphony_No_2_in_D_Major_Op_73_I_Allegro_non_troppo_from_m4a_-_cut_4_t___88.952771-_-126.023437_t___
Johannes_Brahms/Symphony_no_2_in_D_major_Op_73_I_Allegro_non_troppo/Symphony_No_2_in_D_Major_Op_73_I_Allegro_non_troppo_from_m4a_-_cut_6_t___151.751146-_-181.067521_t___
Ludwig_van_Beethoven/Beethoven_Symphony_no_1_in_C_major_Op_21_III_Minuetto_and_trio/Symphony_No_1_in_C_major_Op_21_III_Minuetto_and_trio_from_wav_-_cut_7_t___185.632042-_-208.492083_t___
Johannes_Brahms/Symphony_No_1_in_C_minor_Op_68_I_Un_poco_sostenuto_Allegro/Symphony_No_1_in_C_Minor_Op_68_I_Un_poco_sostenuto_Allegro_from_m4a_-_cut_32_t___863.756667-_-897.700708_t___
Frédéric_Chopin/Preludes_Op_20/Preludes_Op_28_No_20_Funeral_march_from_m4a_-_cut_2_t___32.275729-_-64.815021_t___
Pyotr_Ilyich_Tchaikovsky/Romeo_and_Juliet_OvertureFantasia/Romeo_and_Juliet_Overture_Fantasia_-_cut_4_t___95.70824-_-121.538222_t___
Ludwig_van_Beethoven/Symphony_no_1_in_C_major_Op_21_III_Minuetto_and_trio/Symphony_no_1_in_C_Op_21_III_Menuetto_Allegro_molto_e_vivace_1_-_cut_3_t___59.524292-_-243.811479_t___
Frédéric_Chopin/Valsa_Minuto_2/Waltz_in_C_sharp_minor_Op_64_no_2_from_m4a_-_cut_2_t___29.210708-_-62.101771_t___
Johannes_Brahms/Symphony_No_4_in_E_Minor_Op_98_IV_Allegro_energico_e_passionato/Symphony_No_4_in_E_Minor_Op_98_IV_Allegro_Energico_e_Passionato_-_cut_7_t___182.694583-_-206.901396_t___
Francisco_Tarrega/07_La_cartagenera/07_La_cartagenera_from_m4a_-_cut_4_t___88.461146-_-120.839149_t___
Ludwig_van_Beethoven/Beethoven_9th_Symphony_Op_125_IV_Presto_Allegro_Assai/Beethoven_Symphony_No_9_in_D_minor_Op_125_IV_Final_from_wav_-_cut_34_t___962.346229-_-991.301521_t___
Ludwig_van_Beethoven/Beethoven_9th_Symphony_Op_125_I_Allegro_Ma_Non_Troppo_un_Poco_Maestoso/IMSLP484062_PMLP01607_beethoven_9_01_concertgebouw_klemperer_1956_16048_-_cut_8_t___214.766542-_-241.619333_t___
Pyotr_Ilyich_Tchaikovsky/Symphony_no_6_in_B_minor_Pathtique_Op_74_I_Adagio_Allegro_non_troppo_Andante/Symphony_No_6_In_B_Minor_Op_74_Pathetique_I_Adagio_Allegro_Non_Troppo_from_m4a_-_cut_3_t___62.435491-_-92.405491_t___
Ludwig_van_Beethoven/Sinfona_n_7_de_Beethoven_Op_92_3_Presto/Beethoven_Symphony_No_7_in_A_major_op_92_III_Presto_-_cut_4_t___120.075937-_-120.733854_t___
Johannes_Brahms/Symphony_no_2_in_D_major_Op_73_I_Allegro_non_troppo/Symphony_No_2_in_D_Major_Op_73_I_Allegro_non_troppo_from_m4a_-_cut_31_t___896.850792-_-931.30925_t___
Johannes_Brahms/Symphony_No_4_in_E_Minor_Op_98_IV_Allegro_energico_e_passionato/Symphony_No_4_in_E_Minor_Op_98_IV_Allegro_Energico_e_Passionato_-_cut_6_t___154.644875-_-182.694583_t___
Johannes_Brahms/Symphony_No_4_in_E_Minor_Op_98_IV_Allegro_energico_e_passionato/Symphony_No_4_in_E_Minor_Op_98_IV_Allegro_Energico_e_Passionato_-_cut_10_t___275.377021-_-303.954979_t___
Johannes_Brahms/Symphony_No_3_in_F_Major_Op_90_II_Andante/Brams_Symphony_No_3_in_F_Op_90_II_Andante_from_wav_-_cut_11_t___293.146229-_-329.474333_t___
Frédéric_Chopin/Mazurkas_Op_63_N_1/Mazurka_in_B_major__Op__63_no__1_EDIT_from_wav_-_cut_5_t___125.155354-_--1_t___
Ludwig_van_Beethoven/Symphony_no_1_in_C_major_Op_21_IV_Adagio_Allegro_molto_e_vivace/Symphony_No_1_in_C_major_Op_21_IV_Adagio_Allegro_molto_e_vivace_1_from_wav_-_cut_8_t___211.554104-_-241.124729_t___
Johannes_Brahms/Symphony_no_2_in_D_major_Op_73_II_Adagio_non_toppo/Symphony_No_2_in_D_Major_Op_73_II_Adagio_non_toppo_from_m4a_-_cut_1_t___0.0-_-27.805896_t___
Ludwig_van_Beethoven/Beethoven_9th_Symphony_Op_125_IV_Presto_Allegro_Assai/Beethoven_Symphony_No_9_in_D_minor_Op_125_IV_Final_from_wav_-_cut_41_t___1167.508104-_-1199.996417_t___
Frédéric_Chopin/Variations_on_La_Ci_Darem_la_Mano_Op_2/X2Download_app_Chopin_Variations_on_L_ci_darem_la_mano_op_2_128_kbps_-_cut_35_t___988.305375-_-1019.921396_t___
Ludwig_van_Beethoven/Symphony_no_1_in_C_major_Op_21_I_Adagio_molto_allegro_con_brio/Symphony_no_1_in_C_Op_21_I_Adagio_molto_Allegro_con_brio_1_-_cut_11_t___299.728208-_-327.267062_t___
Frédéric_Chopin/Mazurkas_Op_24_N_2/Mazurka_in_C_major__Op__24_no__2__1__EDIT_from_wav_-_cut_5_t___121.169167-_--1_t___
Wolfgang_Amadeus_Mozart/Piano_Sonata_no_7_K_309_1_Allegro/01_Piano_Sonata_no_7_in_C_RECORTADO_-_cut_7_t___178.69525-_-211.70525_t___
Johannes_Brahms/Symphony_No_1_in_C_minor_Op_68_IV_Adagio_Piu_andante_Allegro_non_troppo_ma_con_brio/SYMPHO_1_from_m4a_-_cut_30_t___930.760021-_-957.486187_t___
Ludwig_van_Beethoven/Beethoven_9th_Symphony_Op_125_III_Adagio_Molto_e_Cantabile/Beethoven_Symphony_No_9_in_D_minor_Op_125_III_Adagio_Molto_e_Cantabile_from_wav_-_cut_11_t___309.706062-_-330.195417_t___
Antonin_Dvorak/Dvok_Symphony_no_7_Op_70_I_Allegro_maestoso/Symphony_no_7_Op_70_I_Allegro_maestoso_-_cut_4_t___89.375308-_-119.584171_t___
Ludwig_van_Beethoven/Sinfona_n_7_de_Beethoven_Op_92_3_Presto/Beethoven_Symphony_No_7_in_A_major_op_92_III_Presto_-_cut_16_t___418.479604-_-449.626271_t___
Frédéric_Chopin/Mazurkas_Op_24_N_2/Mazurka_in_C_major__Op__24_no__2__1__EDIT_from_wav_-_cut_4_t___88.92825-_-121.169167_t___
Ludwig_van_Beethoven/Symphony_no_1_in_C_major_Op_21_II_Andante_cantabile_con_moto/Symphony_no_1_in_C_Op_21_II_Andante_cantibile_con_moto_1_-_cut_4_t___86.180437-_-116.122562_t___
Ludwig_van_Beethoven/Beethoven_Symphony_no_1_in_C_major_Op_21_II_Andante_cantabile_con_moto/Symphony_no_1_in_C_Op_21_II_Andante_cantibile_con_moto_-_cut_11_t___300.225312-_-332.454604_t___
Frédéric_Chopin/Preludes_Op_20/Preludes_Op_28_No_20_Funeral_march_2_-_cut_2_t___25.89025-_-65.697312_t___
Frédéric_Chopin/Piano_Sonata_no_2_in_Bflat_minor_Funeral_March_op_35_MOV_1/Sonata_no__2_in_B_flat_minor__Funeral_march____I__Grave__Doppio_movimento__1__-_cut_2_t___30.928979-_-62.831333_t___
Ludwig_van_Beethoven/Symphony_no_1_in_C_major_Op_21_I_Adagio_molto_allegro_con_brio/Symphony_no_1_in_C_Op_21_I_Adagio_molto_Allegro_con_brio_1_-_cut_9_t___242.375333-_-273.683354_t___
Ludwig_van_Beethoven/Symphony_no_1_in_C_major_Op_21_I_Adagio_molto_allegro_con_brio/Symphony_no_1_in_C_Op_21_I_Adagio_molto_Allegro_con_brio_1_-_cut_14_t___387.145417-_-422.091458_t___
Frédéric_Chopin/Nocturnes_Op_27_N_1/Nocturne_in_C_sharp_minor__Op__27_no__1_from_m4a_-_cut_4_t___91.300833-_-124.619604_t___
Ludwig_van_Beethoven/Beethoven_Symphony_no_1_in_C_major_Op_21_IV_Adagio_Allegro_molto_e_vivace/Symphony_No_1_in_C_major_Op_21_IV_Adagio_Allegro_molto_e_vivace_from_wav_-_cut_12_t___328.396937-_-353.2645_t___
Johann_Sebastian_Bach/Fugue_in_G_minor_Little_BWV_578/Fugue_in_G_Minor_The_Little_from_m4a_-_cut_8_t___192.320792-_-213.079437_t___
Wolfgang_Amadeus_Mozart/Fantasia_in_D_minor_K_397/Fantasia_in_Dm_K_397_1_-_cut_2_t___34.88-_-60.214958_t___
Ludwig_van_Beethoven/Sinfona_n_7_de_Beethoven_Op_92_1_Poco_sostenuto_vivace/L_V_Beethoven_Sinfon_a_No_7_en_La_Mayor_Op_92_Mov_1_Poco_sostenuto_Vivace_-_cut_14_t___334.765937-_-483.233312_t___
Frédéric_Chopin/Mazurkas_Op_56_N_2/Mazurka_in_C_major__Op__56_no__2_-_cut_2_t___31.095812-_-65.488229_t___
Frédéric_Chopin/Mazurkas_Op_7_N_3/Mazurka_in_F_minor__Op__7_no__3_EDIT_from_wav_-_cut_5_t___119.995062-_-147.510708_t___
Pyotr_Ilyich_Tchaikovsky/Symphony_no_6_in_B_minor_Pathtique_Op_74_I_Adagio_Allegro_non_troppo_Andante/Symphony_No_6_In_B_Minor_Op_74_Pathetique_I_Adagio_Allegro_Non_Troppo_from_m4a_-_cut_1_t___0.0-_-32.535491_t___
Wolfgang_Amadeus_Mozart/Piano_Sonata_no_3_K_281_3_Rondo_Allegro/Rondeau_Allegro_-_cut_6_t___148.932321-_-180.132321_t___
Johannes_Brahms/Symphony_No_1_in_C_minor_Op_68_IV_Adagio_Piu_andante_Allegro_non_troppo_ma_con_brio/SYMPHO_1_from_m4a_-_cut_24_t___722.065208-_-780.352042_t___
Ludwig_van_Beethoven/Beethoven_9th_Symphony_Op_125_II_Scherzo_Molto_Vivace_Presto/Beethoven_Symphony_No_9_II_Scherzo_Molto_Vivace_Presto_from_wav_-_cut_18_t___475.425979-_-504.230333_t___
Frédéric_Chopin/Mazurkas_Op_56_N_3/Mazurka_in_C_minor__Op__56_no__3_from_m4a_-_cut_9_t___301.213542-_-332.397937_t___
Johannes_Brahms/Symphony_No_3_in_F_Major_Op_90_I_Allegro_con_brio/Brams_Symphony_No_3_in_F_Op_90_I_Allegro_con_brio_from_wav_-_cut_11_t___302.587479-_-329.937042_t___
Frédéric_Chopin/Nocturnes_Op_37_N_1/Nocturne_Op__37_no__1_in_G_minor_EDIT_from_wav_-_cut_11_t___299.913021-_-329.077292_t___
Jose_Perez_Ballester/Solemnidad/SOLEMNIDAD_Jos_P_rez_Ballester_-_cut_7_t___179.166375-_-210.799083_t___
Ludwig_van_Beethoven/Beethoven_9th_Symphony_Op_125_I_Allegro_Ma_Non_Troppo_un_Poco_Maestoso/IMSLP484062_PMLP01607_beethoven_9_01_concertgebouw_klemperer_1956_16048_-_cut_17_t___476.171667-_-511.17575_t___
Johannes_Brahms/Symphony_No_4_in_E_Minor_Op_98_II_Andante_moderato/Symphony_No_4_in_E_Minor_Op_98_II_Andante_Moderato_from_m4a_-_cut_21_t___632.331792-_-663.980583_t___
Johannes_Brahms/Symphony_no_2_in_D_major_Op_73_II_Adagio_non_toppo/Symphony_No_2_in_D_Major_Op_73_II_Adagio_non_toppo_from_m4a_-_cut_18_t___545.207312-_--1_t___
Frédéric_Chopin/Nocturnes_Op_62_N_1/Nocturne_in_B_major__Op__62_no__1_EDIT_from_wav_-_cut_1_t___0.0-_-30.371687_t___
Frédéric_Chopin/Ballade_no_4_Op_52/Ballade_no__2__Frank_Levy_COMPRIMIDO_from_m4a_-_cut_7_t___181.732479-_-210.85825_t___
Frédéric_Chopin/Nocturnes_Op_37_N_2/Nocturne_Op__37_no__2_in_G_major_from_m4a_-_cut_2_t___32.542792-_-63.332458_t___
Johannes_Brahms/Symphony_No_1_in_C_minor_Op_68_II_Andante_sostenuto/Symphony_No_1_in_C_Minor_Op_68_II_Andante_sostenuto_from_m4a_-_cut_13_t___357.525646-_-395.014271_t___
Frédéric_Chopin/Nocturnes_Op_37_N_1/Nocturne_Op__37_no__1_in_G_minor_EDIT_from_wav_-_cut_6_t___151.54125-_-182.47025_t___
Johann_Sebastian_Bach/Fugue_in_G_minor_Little_BWV_578/Fugue_in_G_Minor_The_Little_-_cut_5_t___86.097875-_-117.125_t___
Wolfgang_Amadeus_Mozart/Requiem_Mozart_VIII_Communio_Lux_aeterna_MozartSssmayr/IMSLP581270_PMLP02751_Mozart_Requiem_14_Karajan_1962_from_wav_-_cut_9_t___271.932997-_-308.968526_t___
Ludwig_van_Beethoven/Symphony_no_1_in_C_major_Op_21_I_Adagio_molto_allegro_con_brio/Symphony_No_1_in_C_major_Op_21_I_Adagio_molto_allegro_con_brio_1_from_wav_-_cut_6_t___152.589042-_-184.330729_t___
Wolfgang_Amadeus_Mozart/Piano_Sonata_no_17_in_BFlat_Major_K_570_2_Adagio/02_1_Allegro_2_Adagio_3_Allegretto_RECORTADO_-_cut_6_t___151.586707-_-186.286707_t___
Ludwig_van_Beethoven/Beethoven_9th_Symphony_Op_125_IV_Presto_Allegro_Assai/Beethoven_Symphony_No_9_in_D_minor_Op_125_IV_Final_from_wav_-_cut_4_t___58.890771-_-87.342812_t___
Ludwig_van_Beethoven/Symphony_no_2_in_D_Major_Op_36_IV_Allegro_molto/Symphony_no_2_in_D_Major_Op_36_IV_Allegro_molto_from_wav_-_cut_3_t___61.082667-_-91.1525_t___
Pyotr_Ilyich_Tchaikovsky/Symphony_no_6_in_B_minor_Pathtique_Op_74_I_Adagio_Allegro_non_troppo_Andante/Symphony_No_6_In_B_Minor_Op_74_Pathetique_I_Adagio_Allegro_Non_Troppo_from_m4a_-_cut_16_t___571.329718-_-615.01234_t___
Pyotr_Ilyich_Tchaikovsky/Romeo_and_Juliet_OvertureFantasia/Romeo_and_Juliet_Overture_Fantasia_-_cut_15_t___483.314566-_-539.844566_t___
Joaquin_Montanes_Castellano/Agarrate_Saxo/Ag_rrate_Saxo_Joaqu_n_Monta_s_Castellano_Pasodoble_128_kbps_-_cut_4_t___86.292958-_-118.678875_t___
Wolfgang_Amadeus_Mozart/Piano_Sonata_no_3_K_281_3_Rondo_Allegro/KV_281_Movement_03_Rondo_Allegro_-_cut_6_t___166.479614-_-182.489614_t___
Johannes_Brahms/Symphony_No_1_in_C_minor_Op_68_I_Un_poco_sostenuto_Allegro/Symphony_No_1_in_C_Minor_Op_68_I_Un_poco_sostenuto_Allegro_from_m4a_-_cut_8_t___179.079479-_-210.803021_t___
Wolfgang_Amadeus_Mozart/Fantasia_in_D_minor_K_397/Fantasia_in_Dm_K_397_2_-_cut_2_t___31.21-_-66.092458_t___
Frédéric_Chopin/N_1___3_Notturni_op_9/Nocturne_in_B_flat_minor__Op__9_no__1_from_m4a_-_cut_8_t___213.140771-_-240.923437_t___
Frédéric_Chopin/Nocturnes_Op_37_N_2/Nocturne_Op__37_no__2_in_G_major_from_m4a_-_cut_3_t___63.332458-_-88.328729_t___
Frédéric_Chopin/Polonaise_No_2_in_C_Minor_Op_40/Polonaise_in_C_minor_Op_40_no_2_-_cut_10_t___266.737937-_-301.416958_t___
Johannes_Brahms/Symphony_No_4_in_E_Minor_Op_98_II_Andante_moderato/Symphony_No_4_in_E_Minor_Op_98_II_Andante_Moderato_from_m4a_-_cut_1_t___0.0-_-35.918917_t___
Frédéric_Chopin/N_3___Etudes_Op_10/Etude_Op__10__no__3_in_E_major____Tristesse__from_m4a_-_cut_3_t___63.487375-_-124.660312_t___
Ludwig_van_Beethoven/Symphony_no_1_in_C_major_Op_21_II_Andante_cantabile_con_moto/Symphony_no_1_in_C_Op_21_II_Andante_cantibile_con_moto_1_-_cut_1_t___0.0-_-36.778208_t___
Frédéric_Chopin/Variations_on_La_Ci_Darem_la_Mano_Op_2/X2Download_app_Chopin_Variations_on_L_ci_darem_la_mano_op_2_128_kbps_-_cut_9_t___237.550979-_-273.875583_t___
Frédéric_Chopin/Berceuse_Op_57/Berceuse_in_D_flat_major__Op__57___1__-_cut_4_t___91.265896-_-123.094875_t___
Johannes_Brahms/Symphony_no_2_in_D_major_Op_73_II_Adagio_non_toppo/Symphony_No_2_in_D_Major_Op_73_II_Adagio_non_toppo_from_m4a_-_cut_10_t___267.082104-_-306.904312_t___
Frédéric_Chopin/N_3___Etudes_Op_10/Etude_Op__10__no__3_in_E_major____Tristesse__-_cut_6_t___153.654104-_-181.761854_t___
Wolfgang_Amadeus_Mozart/Fantasia_in_D_minor_K_397/Fantasia_in_Dm_K_397_2_-_cut_1_t___0.0-_-31.21_t___
Ludwig_van_Beethoven/March_for_Military_Band_WoO_24/Beethoven_March_for_Military_Band_WoO_24_-_cut_8_t___207.616583-_-235.825979_t___
Wolfgang_Amadeus_Mozart/Piano_Sonata_no_7_K_309_1_Allegro/01_Piano_Sonata_no_7_in_C_RECORTADO_-_cut_10_t___272.35525-_-300.611687_t___
Frédéric_Chopin/Piano_Concerto_no_2_in_F_minor_Op_21_Mov_3/Piano_Concerto_no__2_in_F_minor__Op__21___III__Allegro_vivace_from_ogg_-_cut_5_t___126.875083-_-155.110958_t___
Frédéric_Chopin/Mazurkas_Op_63_N_1/Mazurka_in_B_major__Op__63_no__1_-_cut_4_t___89.264896-_-125.813125_t___
Frédéric_Chopin/Ballade_no_4_Op_52/Ballade_no__2__Frank_Levy_COMPRIMIDO_from_m4a_-_cut_21_t___602.591687-_-631.041958_t___
Ludwig_van_Beethoven/Beethoven_9th_Symphony_Op_125_I_Allegro_Ma_Non_Troppo_un_Poco_Maestoso/IMSLP7_1_-_cut_5_t___125.283229-_-154.326229_t___
Johannes_Brahms/Symphony_No_3_in_F_Major_Op_90_IV_Allegro/Brahms_Symphony_No_3_in_F_major_Op_90_IV_Allegro_from_wav_-_cut_14_t___394.257083-_-419.961562_t___
Ludwig_van_Beethoven/Sinfona_n_7_de_Beethoven_Op_92_1_Poco_sostenuto_vivace/L_V_Beethoven_Sinfon_a_No_7_en_La_Mayor_Op_92_Mov_1_Poco_sostenuto_Vivace_-_cut_30_t___867.529021-_--1_t___
Wolfgang_Amadeus_Mozart/Requiem_Mozart_VIII_Communio_Lux_aeterna_MozartSssmayr/IMSLP581270_PMLP02751_Mozart_Requiem_14_Karajan_1962_from_wav_-_cut_11_t___360.330095-_--1_t___
Frédéric_Chopin/Mazurkas_Op_6_N_3/Mazurka_in_E_major__Op__6_no__3_EDIT_from_wav_-_cut_4_t___90.632271-_--1_t___
Johannes_Brahms/Symphony_no_2_in_D_major_Op_73_I_Allegro_non_troppo/Symphony_No_2_in_D_Major_Op_73_I_Allegro_non_troppo_from_m4a_-_cut_16_t___451.722229-_-480.534437_t___
Wolfgang_Amadeus_Mozart/Piano_Sonata_no_7_K_309_1_Allegro/01_Piano_Sonata_no_7_in_C_RECORTADO_-_cut_2_t___30.369312-_-60.31725_t___
Pyotr_Ilyich_Tchaikovsky/Symphony_no_6_in_B_minor_Pathtique_Op_74_I_Adagio_Allegro_non_troppo_Andante/Symphony_No_6_In_B_Minor_Op_74_Pathetique_I_Adagio_Allegro_Non_Troppo_from_m4a_-_cut_13_t___452.968412-_-500.926775_t___
Frédéric_Chopin/Mazurkas_Op_17_N_4/Mazurka_in_A_minor__Op__17_no__4_EDIT_from_wav_-_cut_6_t___149.39025-_-181.724042_t___
Johannes_Brahms/Symphony_no_2_in_D_major_Op_73_I_Allegro_non_troppo/Symphony_No_2_in_D_Major_Op_73_I_Allegro_non_troppo_from_m4a_-_cut_24_t___697.274833-_-721.493812_t___
Frédéric_Chopin/Piano_Sonata_no_2_in_Bflat_minor_Funeral_March_op_35_MOV_1/Sonata_no__2_in_B_flat_minor__Funeral_march____I__Grave__Doppio_movimento__1__-_cut_8_t___210.68075-_-243.958854_t___
Ludwig_van_Beethoven/Symphony_no_1_in_C_major_Op_21_II_Andante_cantabile_con_moto/Symphony_No_1_in_C_major_Op_21_II_Andante_cantabile_con_moto_1_from_wav_-_cut_13_t___350.684083-_--1_t___
Frédéric_Chopin/Piano_Sonata_no_2_in_Bflat_minor_Funeral_March_op_35_MOV_1/Sonata_no__2_in_B_flat_minor__Funeral_march____I__Grave__Doppio_movimento_-_cut_6_t___147.0595-_-172.919229_t___
Johannes_Brahms/Symphony_No_4_in_E_Minor_Op_98_II_Andante_moderato/Symphony_No_4_in_E_Minor_Op_98_II_Andante_Moderato_from_m4a_-_cut_15_t___455.032979-_-480.087292_t___
Ludwig_van_Beethoven/Beethoven_Symphony_no_1_in_C_major_Op_21_IV_Adagio_Allegro_molto_e_vivace/Symphony_no_1_in_C_Op_21_IV_Adagio_Allegro_molto_e_vivace_-_cut_2_t___28.359187-_-65.476292_t___
Johannes_Brahms/Symphony_no_2_in_D_major_Op_73_I_Allegro_non_troppo/Symphony_No_2_in_D_Major_Op_73_I_Allegro_non_troppo_from_m4a_-_cut_14_t___385.391958-_-419.121396_t___
Johannes_Brahms/Symphony_no_2_in_D_major_Op_73_I_Allegro_non_troppo/Symphony_No_2_in_D_Major_Op_73_I_Allegro_non_troppo_from_m4a_-_cut_19_t___543.64625-_-575.631729_t___
Wolfgang_Amadeus_Mozart/Rondo_in_A_minor_K_511/Rondo_No_3_in_A_Minor_K_511_-_cut_16_t___480.546902-_-510.456902_t___
Frédéric_Chopin/Nocturnes_Op_62_N_2/Nocturne_in_E_major__Op__62_no__2_from_m4a_-_cut_2_t___31.219229-_-64.284458_t___
Frédéric_Chopin/Ballade_no_4_Op_52/Ballade_no__2__Frank_Levy_COMPRIMIDO_from_m4a_-_cut_4_t___89.119437-_-119.567646_t___
Ludwig_van_Beethoven/Beethoven_9th_Symphony_Op_125_III_Adagio_Molto_e_Cantabile/Beethoven_Symphony_No_9_in_D_minor_Op_125_III_Adagio_Molto_e_Cantabile_from_wav_-_cut_17_t___487.565875-_-513.316792_t___
Johannes_Brahms/Symphony_No_1_in_C_minor_Op_68_IV_Adagio_Piu_andante_Allegro_non_troppo_ma_con_brio/SYMPHO_1_from_m4a_-_cut_5_t___149.120271-_-181.233458_t___
Pyotr_Ilyich_Tchaikovsky/Symphony_no_6_in_B_minor_Pathtique_Op_74_I_Adagio_Allegro_non_troppo_Andante/Symphony_No_6_In_B_Minor_Op_74_Pathetique_I_Adagio_Allegro_Non_Troppo_from_m4a_-_cut_24_t___840.109845-_-877.841904_t___
Frédéric_Chopin/Berceuse_Op_57/Berceuse_in_D_flat_major__Op__57___1__-_cut_5_t___123.094875-_-156.257729_t___
Johannes_Brahms/Symphony_no_2_in_D_major_Op_73_I_Allegro_non_troppo/Symphony_No_2_in_D_Major_Op_73_I_Allegro_non_troppo_from_m4a_-_cut_22_t___636.830271-_-660.085062_t___
Frédéric_Chopin/Bolero_Op_19/Bolero__Op__19_from_m4a_-_cut_13_t___358.582854-_-392.469708_t___
Frédéric_Chopin/Waltzes_Op_69_2/Waltz_in_B_minor_Op_69_no_2_from_m4a_-_cut_8_t___207.8225-_--1_t___
Frédéric_Chopin/Piano_Sonata_no_2_in_Bflat_minor_Funeral_March_op_35_MOV_2/Sonata_no_2_in_B_flat_minor_Funeral_march_II_Scherzo_1_-_cut_14_t___385.838417-_-427.053833_t___
Ludwig_van_Beethoven/Beethoven_9th_Symphony_Op_125_I_Allegro_Ma_Non_Troppo_un_Poco_Maestoso/IMSLP7_1_-_cut_7_t___184.007562-_-212.219812_t___
Johannes_Brahms/Symphony_no_2_in_D_major_Op_73_IV_Allegro_Con_Spirito/Symphony_No_2_in_D_Major_Op_73_IV_Allegro_Con_Spirito_from_m4a_-_cut_9_t___239.014562-_-266.634708_t___
Frédéric_Chopin/Mazurkas_Op_7_N_1/Mazurka_in_B_flat_major__Op__7_no__1_-_cut_3_t___61.142896-_-94.847417_t___
Johannes_Brahms/Symphony_no_2_in_D_major_Op_73_I_Allegro_non_troppo/Symphony_No_2_in_D_Major_Op_73_I_Allegro_non_troppo_from_m4a_-_cut_33_t___960.020687-_-992.801687_t___
Ludwig_van_Beethoven/Symphony_no_1_in_C_major_Op_21_II_Andante_cantabile_con_moto/Symphony_No_1_in_C_major_Op_21_II_Andante_cantabile_con_moto_1_from_wav_-_cut_10_t___274.762458-_-298.764271_t___
Frédéric_Chopin/Piano_Sonata_no_2_in_Bflat_minor_Funeral_March_op_35_MOV_3/Sonata_no_2_in_B_flat_minor_Funeral_march_III_Marche_Funebre_Lento_OTRA_-_cut_15_t___418.399521-_-448.388104_t___
Ludwig_van_Beethoven/Beethoven_9th_Symphony_Op_125_I_Allegro_Ma_Non_Troppo_un_Poco_Maestoso/IMSLP484062_PMLP01607_beethoven_9_01_concertgebouw_klemperer_1956_16048_-_cut_25_t___724.760583-_-754.725937_t___
Frédéric_Chopin/Mazurkas_Op_7_N_3/Mazurka_in_F_minor__Op__7_no__3_EDIT_from_wav_-_cut_6_t___147.510708-_--1_t___
Francisco_Tarrega/23_Variaciones_sobre_el_carnaval_de_Venecia_de_Paganini/23_Variaciones_sobre_el_carnaval_de_Venecia_de_Paganini_from_m4a_-_cut_1_t___0.0-_-31.933883_t___
Ludwig_van_Beethoven/Symphony_no_1_in_C_major_Op_21_I_Adagio_molto_allegro_con_brio/Symphony_no_1_in_C_Op_21_I_Adagio_molto_Allegro_con_brio_1_-_cut_12_t___327.267062-_-357.104708_t___
Johannes_Brahms/Symphony_No_1_in_C_minor_Op_68_I_Un_poco_sostenuto_Allegro/Symphony_No_1_in_C_Minor_Op_68_I_Un_poco_sostenuto_Allegro_from_m4a_-_cut_18_t___478.715792-_-508.390333_t___
Johannes_Brahms/Symphony_no_2_in_D_major_Op_73_II_Adagio_non_toppo/Symphony_No_2_in_D_Major_Op_73_II_Adagio_non_toppo_from_m4a_-_cut_17_t___506.209417-_-545.207312_t___
Frédéric_Chopin/Waltzes_Op_34_2/Waltz_in_A_minor_Op_34_no_2_-_cut_9_t___242.397333-_-278.005208_t___
Ludwig_van_Beethoven/Beethoven_Symphony_no_1_in_C_major_Op_21_IV_Adagio_Allegro_molto_e_vivace/Symphony_no_1_in_C_Op_21_IV_Adagio_Allegro_molto_e_vivace_-_cut_1_t___0.0-_-28.359187_t___
Pyotr_Ilyich_Tchaikovsky/Romeo_and_Juliet_OvertureFantasia/Romeo_and_Juliet_Overture_Fantasia_-_cut_26_t___929.441455-_-966.244766_t___
Johannes_Brahms/Symphony_No_3_in_F_Major_Op_90_I_Allegro_con_brio/Brams_Symphony_No_3_in_F_Op_90_I_Allegro_con_brio_from_wav_-_cut_4_t___91.796812-_-119.858125_t___
Johannes_Brahms/Symphony_No_4_in_E_Minor_Op_98_II_Andante_moderato/Symphony_No_4_in_E_Minor_Op_98_II_Andante_Moderato_from_m4a_-_cut_5_t___125.994354-_-159.412125_t___
Johannes_Brahms/Symphony_no_2_in_D_major_Op_73_IV_Allegro_Con_Spirito/Symphony_No_2_in_D_Major_Op_73_IV_Allegro_Con_Spirito_from_m4a_-_cut_8_t___212.067792-_-239.014562_t___
Johannes_Brahms/Symphony_No_3_in_F_Major_Op_90_II_Andante/Brahms_Symphony_No_3_in_F_major_Op_90_II_Audante_from_wav_-_cut_11_t___299.950479-_-332.137542_t___
Frédéric_Chopin/Bolero_Op_19/Bolero__Op__19_from_m4a_-_cut_14_t___392.469708-_-422.215917_t___
Johannes_Brahms/Symphony_No_3_in_F_Major_Op_90_IV_Allegro/Brahms_Symphony_No_3_in_F_major_Op_90_IV_Allegro_from_wav_-_cut_4_t___85.654792-_-125.736896_t___
Ludwig_van_Beethoven/Sinfona_n_7_de_Beethoven_Op_92_2_Allegretto/L_V_Beethoven_Sinfon_a_No_7_en_La_Mayor_Op_92_Mov_2_Allegretto_-_cut_6_t___155.64975-_-178.010583_t___
Ludwig_van_Beethoven/Sinfona_n_7_de_Beethoven_Op_92_1_Poco_sostenuto_vivace/L_V_Beethoven_Sinfon_a_No_7_en_La_Mayor_Op_92_Mov_1_Poco_sostenuto_Vivace_-_cut_29_t___835.589979-_-867.529021_t___
Frédéric_Chopin/Nocturnes_Op_62_N_2/Nocturne_in_E_major__Op__62_no__2_-_cut_14_t___396.223562-_-423.90175_t___
Ludwig_van_Beethoven/March_for_Military_Band_WoO_24/Beethoven_March_for_Military_Band_WoO_24_-_cut_1_t___0.0-_-30.650333_t___
Ludwig_van_Beethoven/Symphony_no_1_in_C_major_Op_21_I_Adagio_molto_allegro_con_brio/Symphony_No_1_in_C_major_Op_21_I_Adagio_molto_allegro_con_brio_1_from_wav_-_cut_2_t___26.104896-_-63.198771_t___
Frédéric_Chopin/Nocturnes_Op_37_N_1/Nocturne_Op__37_no__1_in_G_minor_EDIT_from_wav_-_cut_1_t___0.0-_-31.288896_t___
Frédéric_Chopin/Valsa_Minuto_1/Waltz_in_D_flat_major_Minute_Op_64_no_1_-_cut_3_t___54.462396-_-89.164625_t___
Antonin_Dvorak/Dvok_Symphony_no_8_Op_88_I_Allegro_con_brio/Symphony_no_8_Op_88_I_Allegro_con_brio_-_cut_12_t___330.812704-_-359.210686_t___
Pyotr_Ilyich_Tchaikovsky/Symphony_no_6_in_B_minor_Pathtique_Op_74_IV_Finale_Adagio_lamentoso_Andante/Symphony_No_6_in_B_minor_Op_74_Pathetique_IV_Finale_Adagio_lamentoso_from_m4a_-_cut_9_t___243.066884-_-271.286884_t___
Frédéric_Chopin/Nocturnes_Op_27_N_1/Nocturne_in_C_sharp_minor__Op__27_no__1_from_m4a_-_cut_9_t___241.507875-_-272.070125_t___
Frédéric_Chopin/Valsa_Minuto_1/Waltz_in_D_flat_major_Minute_Op_64_no_1_1_-_cut_3_t___64.691-_-98.469354_t___
Frédéric_Chopin/Mazurkas_Op_17_N_4/Mazurka_in_A_minor__Op__17_no__4__1__-_cut_7_t___182.248562-_-213.761958_t___
Ludwig_van_Beethoven/Symphony_no_1_in_C_major_Op_21_I_Adagio_molto_allegro_con_brio/Symphony_No_1_in_C_major_Op_21_I_Adagio_molto_allegro_con_brio_1_from_wav_-_cut_18_t___514.599312-_-536.704729_t___
Frédéric_Chopin/Nocturnes_Op_15_N_3/Nocturne_in_G_minor__Op__15_no__3_from_m4a_-_cut_7_t___178.901521-_-209.362604_t___
Frédéric_Chopin/Nocturnes_Op_37_N_2/Nocturne_Op__37_no__2_in_G_major_from_m4a_-_cut_13_t___357.586417-_--1_t___
Frédéric_Chopin/Polonaise_No_2_in_C_Minor_Op_40/Polonaise_in_C_minor_Op_40_no_2_-_cut_5_t___117.620625-_-154.633458_t___
Johann_Sebastian_Bach/Toccata_and_Fugue_in_D_minor_BWV_565/Toccata_and_Fugue_in_D_minor_BWV_565_Organ_-_cut_2_t___35.596187-_-57.179146_t___
Frédéric_Chopin/Nocturnes_Op_48_N_2/Nocturne_in_F_sharp_minor__Op__48_no__2_from_m4a_-_cut_11_t___297.949854-_-332.744958_t___
Wolfgang_Amadeus_Mozart/Piano_Sonata_no_3_K_281_3_Rondo_Allegro/Rondeau_Allegro_-_cut_9_t___242.687405-_-268.597401_t___
Johann_Sebastian_Bach/Fugue_in_G_minor_Little_BWV_578/Fugue_in_G_Minor_The_Little_from_m4a_-_cut_2_t___32.844625-_-61.807042_t___
Johannes_Brahms/Symphony_No_4_in_E_Minor_Op_98_III_Allegro_giocoso/Symphony_No_4_in_E_Minor_Op_98_III_Allegro_Giocoso_from_m4a_-_cut_7_t___177.916542-_-214.015271_t___
Camille_Saint_Saens/Danse_Macabre_Op_40/Danse_macabre_Op_40_-_cut_9_t___239.773749-_-273.800772_t___
Antonin_Dvorak/Dvok_Serenade_for_Wind_Instruments_Op_44_III_Andante_con_moto/Dvo_k_Serenade_for_Wind_in_D_minor_Op_44_3_Andante_con_moto_-_cut_5_t___122.628579-_-149.633441_t___
Johannes_Brahms/Symphony_no_2_in_D_major_Op_73_I_Allegro_non_troppo/Symphony_No_2_in_D_Major_Op_73_I_Allegro_non_troppo_from_m4a_-_cut_20_t___575.631729-_-604.029729_t___
Johannes_Brahms/Symphony_No_1_in_C_minor_Op_68_I_Un_poco_sostenuto_Allegro/Symphony_No_1_in_C_Minor_Op_68_I_Un_poco_sostenuto_Allegro_from_m4a_-_cut_19_t___508.390333-_-541.939625_t___
Pyotr_Ilyich_Tchaikovsky/Romeo_and_Juliet_OvertureFantasia/Romeo_and_Juliet_Overture_Fantasia_-_cut_29_t___1081.982208-_-1110.322208_t___
Antonin_Dvorak/Dvok_Symphony_no_8_Op_88_I_Allegro_con_brio/Symphony_no_8_Op_88_I_Allegro_con_brio_-_cut_6_t___151.035004-_-179.619653_t___
Pyotr_Ilyich_Tchaikovsky/Symphony_no_6_in_B_minor_Pathtique_Op_74_I_Adagio_Allegro_non_troppo_Andante/Symphony_No_6_In_B_Minor_Op_74_Pathetique_I_Adagio_Allegro_Non_Troppo_from_m4a_-_cut_27_t___961.524027-_-991.117959_t___
Ludwig_van_Beethoven/Beethoven_Symphony_no_1_in_C_major_Op_21_IV_Adagio_Allegro_molto_e_vivace/Symphony_no_1_in_C_Op_21_IV_Adagio_Allegro_molto_e_vivace_-_cut_8_t___207.303771-_-238.186312_t___
Frédéric_Chopin/Mazurkas_Op_56_N_3/Mazurka_in_C_minor__Op__56_no__3_-_cut_10_t___273.826604-_-301.028771_t___
Wolfgang_Amadeus_Mozart/Piano_Sonata_no_3_K_281_3_Rondo_Allegro/KV_281_Movement_03_Rondo_Allegro_-_cut_7_t___182.489614-_-211.939904_t___
Frédéric_Chopin/Waltzes_Op_34_2/Waltz_in_A_minor_Op_34_no_2_-_cut_8_t___212.315896-_-242.397333_t___
Frédéric_Chopin/Piano_Sonata_no_2_in_Bflat_minor_Funeral_March_op_35_MOV_2/Sonata_no_2_in_B_flat_minor_Funeral_march_II_Scherzo_1_-_cut_4_t___86.654604-_-117.885458_t___
Francisco_Tarrega/47_Sueo_Trmolo/47_Sue_o_Tr_molo_from_m4a_-_cut_12_t___329.208866-_-362.18896_t___
Victor_Ferrer/Mi_Amargura_Victor_Ferrer/Marcha_MI_AMARGURA_Victor_Ferrer_Castillo_MARCHA_DE_PROCESI_N_para_banda_de_m_sica_128_kbps_-_cut_12_t___333.133375-_-362.083375_t___
Ludwig_van_Beethoven/Symphony_no_2_in_D_Major_Op_36_IV_Allegro_molto/Symphony_no_2_in_D_Major_Op_36_IV_Allegro_molto_-_cut_10_t___269.375437-_-299.932896_t___
Ludwig_van_Beethoven/March_for_Military_Band_WoO_24/Beethoven_March_for_Military_Band_WoO_24_-_cut_11_t___269.858271-_--1_t___
Ludwig_van_Beethoven/Beethoven_Symphony_no_1_in_C_major_Op_21_I_Adagio_molto_allegro_con_brio/Symphony_no_1_in_C_Op_21_I_Adagio_molto_Allegro_con_brio_-_cut_7_t___183.660625-_-208.331812_t___
Frédéric_Chopin/Valsa_Minuto_1/Waltz_in_D_flat_major_Minute_Op_64_no_1_1_-_cut_1_t___0.0-_-35.934896_t___
Frédéric_Chopin/Polonaise_in_Fsharp_minor_Op_44/Polonaise_in_F_sharp_minor_Op_44_EDIT_from_wav_-_cut_10_t___275.631792-_-295.632604_t___
Johannes_Brahms/Symphony_No_1_in_C_minor_Op_68_IV_Adagio_Piu_andante_Allegro_non_troppo_ma_con_brio/SYMPHO_1_from_m4a_-_cut_23_t___693.585937-_-722.065208_t___
Camille_Saint_Saens/Danse_Macabre_Op_40/Danse_macabre_Op_40_-_cut_8_t___211.646624-_-239.773749_t___
Ludwig_van_Beethoven/Symphony_no_1_in_C_major_Op_21_I_Adagio_molto_allegro_con_brio/Symphony_no_1_in_C_Op_21_I_Adagio_molto_Allegro_con_brio_1_-_cut_13_t___357.104708-_-387.145417_t___
Johannes_Brahms/Symphony_No_1_in_C_minor_Op_68_II_Andante_sostenuto/Symphony_No_1_in_C_Minor_Op_68_II_Andante_sostenuto_from_m4a_-_cut_10_t___265.864875-_-304.003646_t___
Ludwig_van_Beethoven/Beethoven_9th_Symphony_Op_125_I_Allegro_Ma_Non_Troppo_un_Poco_Maestoso/IMSLP484062_PMLP01607_beethoven_9_01_concertgebouw_klemperer_1956_16048_-_cut_9_t___241.619333-_-269.703875_t___
Antonin_Dvorak/Dvok_Symphony_no_8_Op_88_I_Allegro_con_brio/Symphony_no_8_Op_88_I_Allegro_con_brio_-_cut_8_t___210.313067-_-242.765545_t___
Ludwig_van_Beethoven/Sinfona_n_7_de_Beethoven_Op_92_3_Presto/Beethoven_Symphony_No_7_in_A_major_op_92_III_Presto_-_cut_7_t___150.536667-_-179.236521_t___
Ludwig_van_Beethoven/Symphony_no_1_in_C_major_Op_21_I_Adagio_molto_allegro_con_brio/Symphony_no_1_in_C_Op_21_I_Adagio_molto_Allegro_con_brio_1_-_cut_6_t___154.380271-_-183.660625_t___
Ludwig_van_Beethoven/Symphony_no_1_in_C_major_Op_21_IV_Adagio_Allegro_molto_e_vivace/Symphony_No_1_in_C_major_Op_21_IV_Adagio_Allegro_molto_e_vivace_1_from_wav_-_cut_13_t___353.2645-_--1_t___
Frédéric_Chopin/Nocturne_in_Csharp_minor_Lento_con_gran_espressione_B_49_Op_posth/Nocturne_in_C_sharp_minor__Lento_con_gran_espressione___B__49__Op__posth___-_cut_3_t___61.761146-_-92.655312_t___
Camille_Saint_Saens/Samson_and_Delilah_Op_47_Danse_Baccanale/Samson_and_Delilah_Op_47_Danse_Baccanale_-_cut_8_t___210.947836-_-237.89692_t___
Antonin_Dvorak/Dvok_Symphony_no_8_Op_88_I_Allegro_con_brio/Symphony_no_8_Op_88_I_Allegro_con_brio_-_cut_17_t___479.73997-_-509.787196_t___
Johannes_Brahms/Symphony_No_1_in_C_minor_Op_68_I_Un_poco_sostenuto_Allegro/Symphony_No_1_in_C_Minor_Op_68_I_Un_poco_sostenuto_Allegro_from_m4a_-_cut_28_t___753.213187-_-779.182625_t___
Francisco_Tarrega/47_Sueo_Trmolo/47_Sue_o_Tr_molo_from_m4a_-_cut_2_t___31.629228-_-61.29219_t___
Wolfgang_Amadeus_Mozart/Fantasia_in_D_minor_K_397/Fantasia_in_Dm_K_397_-_cut_1_t___0.0-_-33.37_t___
Frédéric_Chopin/Polonaise_No_2_in_C_Minor_Op_40/Polonaise_in_C_minor_Op_40_no_2_-_cut_14_t___387.503104-_-422.248833_t___
Jose_Perez_Ballester/Solemnidad/SOLEMNIDAD_Jos_P_rez_Ballester_-_cut_6_t___151.140125-_-179.166375_t___
Frédéric_Chopin/Nocturnes_Op_37_N_1/Nocturne_Op__37_no__1_in_G_minor_EDIT_from_wav_-_cut_13_t___362.223-_-387.335375_t___
Ludwig_van_Beethoven/Beethoven_9th_Symphony_Op_125_II_Scherzo_Molto_Vivace_Presto/Beethoven_Symphony_No_9_II_Scherzo_Molto_Vivace_Presto_from_wav_-_cut_7_t___156.435187-_-175.973167_t___
Ludwig_van_Beethoven/Beethoven_9th_Symphony_Op_125_II_Scherzo_Molto_Vivace_Presto/Beethoven_Symphony_No_9_II_Scherzo_Molto_Vivace_Presto_from_wav_-_cut_3_t___60.566542-_-89.922875_t___
Frédéric_Chopin/Impromptu_no_3_in_Gflat_major_Op_51/Impromptu_no__3_in_G_flat_major__Op__51__1__from_m4a_-_cut_6_t___153.718958-_-184.818771_t___
Frédéric_Chopin/Waltzes_Op_70_2/Waltz_in_F_minor_Op_70_no_2_1_from_m4a_-_cut_2_t___30.336875-_-57.597083_t___
Frédéric_Chopin/Piano_Sonata_no_2_in_Bflat_minor_Funeral_March_op_35_MOV_3/Sonata_no_2_in_B_flat_minor_Funeral_march_III_Marche_Funebre_Lento_OTRA_-_cut_9_t___244.539292-_-274.391917_t___
Johannes_Brahms/Symphony_no_2_in_D_major_Op_73_IV_Allegro_Con_Spirito/Symphony_No_2_in_D_Major_Op_73_IV_Allegro_Con_Spirito_from_m4a_-_cut_2_t___30.209167-_-60.546021_t___
Frédéric_Chopin/Mazurkas_Op_63_N_3/Mazurka_in_C_sharp_minor__Op__63_no__3_EDIT_from_wav_-_cut_1_t___0.0-_-32.123875_t___
Ludwig_van_Beethoven/Symphony_no_1_in_C_major_Op_21_I_Adagio_molto_allegro_con_brio/Symphony_no_1_in_C_Op_21_I_Adagio_molto_Allegro_con_brio_1_-_cut_5_t___123.079771-_-154.380271_t___
Frédéric_Chopin/Impromptu_no_3_in_Gflat_major_Op_51/Impromptu_no__3_in_G_flat_major__Op__51__1__from_m4a_-_cut_7_t___184.818771-_-217.133812_t___
Johannes_Brahms/Symphony_No_3_in_F_Major_Op_90_II_Andante/Symphony_No_3_in_F_Major_Op_90_II_Andante_from_m4a_-_cut_4_t___89.025333-_-124.482208_t___
Frédéric_Chopin/N_1___3_Notturni_op_9/Nocturne_in_B_flat_minor__Op__9_no__1_from_m4a_-_cut_4_t___90.040187-_-119.285708_t___
Antonin_Dvorak/Dvok_Symphony_no_8_Op_88_I_Allegro_con_brio/Symphony_no_8_Op_88_I_Allegro_con_brio_-_cut_13_t___359.210686-_-389.01363_t___
Johann_Sebastian_Bach/Toccata_and_Fugue_in_D_minor_BWV_565/Toccata_and_Fugue_in_Dm_BWV_565_-_cut_3_t___62.392292-_-89.675729_t___
Frédéric_Chopin/Polonaise_No_2_in_C_Minor_Op_40/Polonaise_in_C_minor_Op_40_no_2_-_cut_8_t___211.580396-_-237.480792_t___
Ludwig_van_Beethoven/Symphony_no_1_in_C_major_Op_21_I_Adagio_molto_allegro_con_brio/Symphony_No_1_in_C_major_Op_21_I_Adagio_molto_allegro_con_brio_1_from_wav_-_cut_9_t___240.552979-_-268.788437_t___
Camille_Saint_Saens/Danse_Macabre_Op_40/Danse_macabre_Op_40_-_cut_13_t___360.129841-_-389.721185_t___
Ludwig_van_Beethoven/Mazurkas_Op_63_N_2/Mazurkaa_in_F_minor__Op__63_no__2_-_cut_4_t___85.204062-_-117.271_t___
Pyotr_Ilyich_Tchaikovsky/Symphony_no_6_in_B_minor_Pathtique_Op_74_I_Adagio_Allegro_non_troppo_Andante/Symphony_No_6_In_B_Minor_Op_74_Pathetique_I_Adagio_Allegro_Non_Troppo_from_m4a_-_cut_28_t___991.117959-_-1022.697959_t___
Frédéric_Chopin/Valsa_Minuto_1/Waltz_in_D_flat_major_Minute_Op_64_no_1_from_m4a_-_cut_1_t___0.0-_-32.043521_t___
Antonin_Dvorak/Dvok_Serenade_for_Wind_Instruments_Op_44_I_Moderato_quasi_Marcia/Dvo_k_Serenade_for_Wind_in_D_minor_Op_44_1_Moderato_quasi_marcia_-_cut_5_t___121.922055-_-149.097236_t___
Frédéric_Chopin/N_7___Etudes_Op_25/Etude_Op__25_no__7_in_C_sharp_minor___Cello___1__from_wav_-_cut_5_t___119.978583-_-151.766708_t___
Johannes_Brahms/Symphony_No_1_in_C_minor_Op_68_III_Un_poco_allegretto_e_grazioso/Symphony_No_1_in_C_Minor_Op_68_III_Un_poco_allegretto_e_grazioso_from_m4a_-_cut_10_t___268.558604-_--1_t___
Ludwig_van_Beethoven/Symphony_no_1_in_C_major_Op_21_II_Andante_cantabile_con_moto/Symphony_No_1_in_C_major_Op_21_II_Andante_cantabile_con_moto_1_from_wav_-_cut_1_t___0.0-_-29.453062_t___
Victor_Ferrer/Mi_Amargura_Victor_Ferrer/Marcha_MI_AMARGURA_Victor_Ferrer_Castillo_MARCHA_DE_PROCESI_N_para_banda_de_m_sica_128_kbps_-_cut_8_t___217.333375-_-242.063375_t___
Johannes_Brahms/Symphony_No_3_in_F_Major_Op_90_II_Andante/Brams_Symphony_No_3_in_F_Op_90_II_Andante_from_wav_-_cut_5_t___118.491458-_-147.629771_t___
Frédéric_Chopin/Bolero_Op_19/Bolero__Op__19_from_m4a_-_cut_5_t___118.831125-_-151.834479_t___
Johannes_Brahms/Symphony_No_3_in_F_Major_Op_90_I_Allegro_con_brio/Brahms_Symphony_No_3_in_F_major_Op_90_I_Allegro_con_brio_from_wav_-_cut_6_t___147.316479-_-176.866625_t___
Frédéric_Chopin/Nocturnes_Op_37_N_1/Nocturne_Op__37_no__1_in_G_minor_-_cut_4_t___93.065604-_-122.722833_t___
Frédéric_Chopin/Piano_Sonata_no_2_in_Bflat_minor_Funeral_March_op_35_MOV_2/Sonata_no_2_in_B_flat_minor_Funeral_march_II_Scherzo_1_-_cut_2_t___32.289104-_-56.152_t___
Johannes_Brahms/Symphony_No_1_in_C_minor_Op_68_I_Un_poco_sostenuto_Allegro/Symphony_No_1_in_C_Minor_Op_68_I_Un_poco_sostenuto_Allegro_from_m4a_-_cut_21_t___570.087604-_-600.029167_t___
Abel_Moreno/La_Madruga/La_Madruga_Marcha_de_Palio_Seville_Procession_-_cut_10_t___278.716654-_-298.465181_t___
Frédéric_Chopin/Mazurkas_Op_56_N_2/Mazurka_in_C_major__Op__56_no__2_from_m4a_-_cut_4_t___92.045542-_--1_t___
Wolfgang_Amadeus_Mozart/Requiem_Mozart_VIII_Communio_Lux_aeterna_MozartSssmayr/IMSLP581270_PMLP02751_Mozart_Requiem_14_Karajan_1962_from_wav_-_cut_6_t___153.885433-_-210.156825_t___
Frédéric_Chopin/Mazurkas_Op_7_N_2/Mazurka_in_A_minor__Op__7_no__2_EDIT_from_wav_-_cut_3_t___63.643-_-89.897896_t___
Frédéric_Chopin/Waltzes_Op_69_2/Waltz_in_B_minor_Op_69_no_2_from_m4a_-_cut_4_t___90.492104-_-115.163292_t___
Frédéric_Chopin/N_1___3_Notturni_op_9/Nocturne_in_B_flat_minor__Op__9_no__1_from_m4a_-_cut_6_t___151.456958-_-180.899875_t___
Ludwig_van_Beethoven/Symphony_no_1_in_C_major_Op_21_I_Adagio_molto_allegro_con_brio/Symphony_No_1_in_C_major_Op_21_I_Adagio_molto_allegro_con_brio_1_from_wav_-_cut_4_t___87.823542-_-119.446833_t___
Frédéric_Chopin/Nocturnes_Op_48_N_2/Nocturne_in_F_sharp_minor__Op__48_no__2_from_m4a_-_cut_17_t___489.642521-_--1_t___
Johannes_Brahms/Symphony_No_4_in_E_Minor_Op_98_IV_Allegro_energico_e_passionato/Symphony_No_4_in_E_Minor_Op_98_IV_Allegro_Energico_e_Passionato_-_cut_17_t___480.997312-_-512.460354_t___
Frédéric_Chopin/N_3___Etudes_Op_10/Etude_Op__10__no__3_in_E_major____Tristesse__from_m4a_-_cut_8_t___237.37775-_-245.818208_t___
Frédéric_Chopin/N_3___Etudes_Op_10/Etude_Op__10__no__3_in_E_major____Tristesse__from_m4a_-_cut_4_t___124.660312-_-150.91825_t___
Victor_Ferrer/Mi_Amargura_Victor_Ferrer/Marcha_MI_AMARGURA_Victor_Ferrer_Castillo_MARCHA_DE_PROCESI_N_para_banda_de_m_sica_128_kbps_-_cut_6_t___151.273375-_-182.083375_t___
Jose_Perez_Ballester/Solemnidad/SOLEMNIDAD_Jos_P_rez_Ballester_-_cut_11_t___302.022208-_--1_t___
Ludwig_van_Beethoven/Symphony_no_2_in_D_Major_Op_36_IV_Allegro_molto/Symphony_no_2_in_D_Major_Op_36_IV_Allegro_molto_-_cut_1_t___0.0-_-34.620958_t___
Frédéric_Chopin/Mazurkas_Op_17_N_4/Mazurka_in_A_minor__Op__17_no__4__2__-_cut_8_t___214.265437-_--1_t___
Frédéric_Chopin/Waltzes_Op_70_1/Waltz_in_G_flat_major_Op_70_no_1_1_from_m4a_-_cut_1_t___0.0-_-32.357021_t___
Frédéric_Chopin/Mazurkas_Op_7_N_1/Mazurka_in_B_flat_major__Op__7_no__1_EDIT_from_wav_-_cut_6_t___155.344333-_--1_t___
Johannes_Brahms/Symphony_No_4_in_E_Minor_Op_98_IV_Allegro_energico_e_passionato/Symphony_No_4_in_E_Minor_Op_98_IV_Allegro_Energico_e_Passionato_-_cut_5_t___118.932604-_-154.644875_t___
Wolfgang_Amadeus_Mozart/Piano_Sonata_no_7_K_309_1_Allegro/01_Piano_Sonata_no_7_in_C_RECORTADO_-_cut_9_t___242.29525-_-272.35525_t___
Frédéric_Chopin/Piano_Sonata_no_2_in_Bflat_minor_Funeral_March_op_35_MOV_2/Sonata_no_2_in_B_flat_minor_Funeral_march_II_Scherzo_-_cut_1_t___0.0-_-32.357021_t___
Ludwig_van_Beethoven/Beethoven_9th_Symphony_Op_125_I_Allegro_Ma_Non_Troppo_un_Poco_Maestoso/IMSLP7_1_-_cut_3_t___57.039792-_-92.937833_t___
Wolfgang_Amadeus_Mozart/Piano_Sonata_no_14_K_457_I_Allegro/Piano_Sonata_no_14_K_457_I_Allegro_Second_repeat_omitted_-_cut_13_t___360.425732-_--1_t___
Ludwig_van_Beethoven/Sinfona_n_7_de_Beethoven_Op_92_3_Presto/Beethoven_Symphony_No_7_in_A_major_op_92_III_Presto_-_cut_10_t___238.973771-_-267.394979_t___
Ludwig_van_Beethoven/Sinfona_n_7_de_Beethoven_Op_92_1_Poco_sostenuto_vivace/L_V_Beethoven_Sinfon_a_No_7_en_La_Mayor_Op_92_Mov_1_Poco_sostenuto_Vivace_-_cut_20_t___574.543521-_-601.049104_t___
Frédéric_Chopin/Mazurkas_Op_6_N_2/Mazurka_in_C_sharp_minor__Op__6_no__2_-_cut_1_t___0.0-_-30.999333_t___
Frédéric_Chopin/N_3___Etudes_Op_10/Etude_Op__10__no__3_in_E_major____Tristesse__from_m4a_-_cut_2_t___33.996083-_-63.487375_t___
Johannes_Brahms/Symphony_no_2_in_D_major_Op_73_II_Adagio_non_toppo/Symphony_No_2_in_D_Major_Op_73_II_Adagio_non_toppo_from_m4a_-_cut_3_t___63.378875-_-93.262937_t___
Wolfgang_Amadeus_Mozart/Piano_Sonata_no_14_K_457_I_Allegro/Piano_Sonata_no_14_K_457_I_Allegro_Second_repeat_omitted_-_cut_3_t___72.173024-_-90.793024_t___
Johannes_Brahms/Symphony_no_2_in_D_major_Op_73_II_Adagio_non_toppo/Symphony_No_2_in_D_Major_Op_73_II_Adagio_non_toppo_from_m4a_-_cut_5_t___123.785562-_-145.008604_t___
Frédéric_Chopin/Preludes_Op_28_6/Preludes_Op_28_No_6_Tolling_bells_from_m4a_-_cut_2_t___31.999271-_-57.589812_t___
Frédéric_Chopin/Nocturne_in_Csharp_minor_Lento_con_gran_espressione_B_49_Op_posth/Nocturne_in_C_sharp_minor__Lento_con_gran_espressione___B__49__Op__posth___-_cut_7_t___185.049375-_-216.349875_t___
Ludwig_van_Beethoven/Beethoven_9th_Symphony_Op_125_II_Scherzo_Molto_Vivace_Presto/Beethoven_Symphony_No_9_II_Scherzo_Molto_Vivace_Presto_from_wav_-_cut_16_t___418.344625-_-453.696396_t___
Frédéric_Chopin/Mazurkas_Op_7_N_1/Mazurka_in_B_flat_major__Op__7_no__1_EDIT_from_wav_-_cut_4_t___91.908417-_-117.729021_t___
Wolfgang_Amadeus_Mozart/Fantasia_in_D_minor_K_397/Fantasia_in_Dm_K_397_5_-_cut_9_t___240.305646-_-271.645646_t___
Frédéric_Chopin/Mazurkas_Op_56_N_3/Mazurka_in_C_minor__Op__56_no__3_from_m4a_-_cut_8_t___266.637771-_-301.213542_t___
Pyotr_Ilyich_Tchaikovsky/Symphony_no_6_in_B_minor_Pathtique_Op_74_IV_Finale_Adagio_lamentoso_Andante/Symphony_No_6_in_B_minor_Op_74_Pathetique_IV_Finale_Adagio_lamentoso_from_m4a_-_cut_2_t___33.11-_-76.661655_t___
Frédéric_Chopin/Nocturne_in_Csharp_minor_Lento_con_gran_espressione_B_49_Op_posth/Nocturne_in_C_sharp_minor__Lento_con_gran_espressione___B__49__Op__posth____1__from_m4a_-_cut_4_t___89.979979-_-129.295521_t___
Johannes_Brahms/Symphony_No_1_in_C_minor_Op_68_III_Un_poco_allegretto_e_grazioso/Symphony_No_1_in_C_Minor_Op_68_III_Un_poco_allegretto_e_grazioso_from_m4a_-_cut_7_t___186.604229-_-216.395417_t___
Wolfgang_Amadeus_Mozart/Rondo_in_A_minor_K_511/Rondo_No_3_in_A_Minor_K_511_-_cut_18_t___541.616902-_-600.556902_t___
Wolfgang_Amadeus_Mozart/Piano_Sonata_no_17_in_BFlat_Major_K_570_2_Adagio/02_1_Allegro_2_Adagio_3_Allegretto_RECORTADO_-_cut_4_t___91.35-_-123.376707_t___
Johannes_Brahms/Symphony_no_2_in_D_major_Op_73_I_Allegro_non_troppo/Symphony_No_2_in_D_Major_Op_73_I_Allegro_non_troppo_from_m4a_-_cut_30_t___874.527958-_-896.850792_t___
Johannes_Brahms/Symphony_no_2_in_D_major_Op_73_I_Allegro_non_troppo/Symphony_No_2_in_D_Major_Op_73_I_Allegro_non_troppo_from_m4a_-_cut_7_t___181.067521-_-212.644792_t___
Ludwig_van_Beethoven/Mazurkas_Op_63_N_2/Mazurka_in_F_minor__Op__63_no__2__-_cut_2_t___33.217104-_-58.193125_t___
Johannes_Brahms/Symphony_No_3_in_F_Major_Op_90_II_Andante/Brahms_Symphony_No_3_in_F_major_Op_90_II_Audante_from_wav_-_cut_2_t___27.133458-_-59.304708_t___
Johannes_Brahms/Symphony_No_3_in_F_Major_Op_90_II_Andante/Brams_Symphony_No_3_in_F_Op_90_II_Andante_from_wav_-_cut_10_t___273.871437-_-293.146229_t___
Ludwig_van_Beethoven/Sinfona_n_7_de_Beethoven_Op_92_1_Poco_sostenuto_vivace/L_V_Beethoven_Sinfon_a_No_7_en_La_Mayor_Op_92_Mov_1_Poco_sostenuto_Vivace_-_cut_28_t___813.528354-_-835.589979_t___
Johannes_Brahms/Symphony_No_3_in_F_Major_Op_90_III_Poco_allegretto/Brahms_Symphony_No_3_in_F_major_Op_90_III_Poco_allegreto_from_wav_-_cut_8_t___210.418292-_-246.687854_t___
Ludwig_van_Beethoven/Symphony_no_1_in_C_major_Op_21_I_Adagio_molto_allegro_con_brio/Symphony_No_1_in_C_major_Op_21_I_Adagio_molto_allegro_con_brio_1_from_wav_-_cut_17_t___483.220542-_-514.599312_t___
Wolfgang_Amadeus_Mozart/Requiem_Mozart_VIII_Communio_Lux_aeterna_MozartSssmayr/IMSLP581270_PMLP02751_Mozart_Requiem_14_Karajan_1962_from_wav_-_cut_10_t___308.968526-_-360.330095_t___
Frédéric_Chopin/Piano_Sonata_no_2_in_Bflat_minor_Funeral_March_op_35_MOV_3/Sonata_no_2_in_B_flat_minor_Funeral_march_III_Marche_Funebre_Lento_-_cut_10_t___272.892521-_-302.323812_t___
Ludwig_van_Beethoven/March_for_Military_Band_WoO_24/Beethoven_March_for_Military_Band_WoO_24_-_cut_2_t___30.650333-_-59.872625_t___
Johannes_Brahms/Symphony_No_1_in_C_minor_Op_68_I_Un_poco_sostenuto_Allegro/Symphony_No_1_in_C_Minor_Op_68_I_Un_poco_sostenuto_Allegro_from_m4a_-_cut_31_t___843.887187-_-863.756667_t___
Antonin_Dvorak/Dvok_Serenade_for_Wind_Instruments_Op_44_II_Minuetto/Dvo_k_Serenade_for_Wind_in_D_minor_Op_44_2_Minuetto_Tempo_di_minuetto_-_cut_12_t___328.831823-_--1_t___
Frédéric_Chopin/Piano_Sonata_no_2_in_Bflat_minor_Funeral_March_op_35_MOV_3/Sonata_no_2_in_B_flat_minor_Funeral_march_III_Marche_Funebre_Lento_-_cut_1_t___0.0-_-32.762625_t___
Ludwig_van_Beethoven/Beethoven_9th_Symphony_Op_125_II_Scherzo_Molto_Vivace_Presto/Beethoven_Symphony_No_9_II_Scherzo_Molto_Vivace_Presto_from_wav_-_cut_20_t___524.582604-_-538.630062_t___
Frédéric_Chopin/Piano_Sonata_no_2_in_Bflat_minor_Funeral_March_op_35_MOV_1/Sonata_no__2_in_B_flat_minor__Funeral_march____I__Grave__Doppio_movimento_-_cut_5_t___122.309021-_-147.0595_t___
Wolfgang_Amadeus_Mozart/Rondo_in_A_minor_K_511/Rondo_No_3_in_A_Minor_K_511_-_cut_8_t___210.954072-_-242.444072_t___
Johannes_Brahms/Symphony_No_3_in_F_Major_Op_90_II_Andante/Symphony_No_3_in_F_Major_Op_90_II_Andante_from_m4a_-_cut_6_t___153.620562-_-180.660208_t___
Johannes_Brahms/Symphony_No_1_in_C_minor_Op_68_II_Andante_sostenuto/Symphony_No_1_in_C_Minor_Op_68_II_Andante_sostenuto_from_m4a_-_cut_1_t___0.0-_-37.860146_t___
Ludwig_van_Beethoven/Symphony_no_1_in_C_major_Op_21_I_Adagio_molto_allegro_con_brio/Symphony_No_1_in_C_major_Op_21_I_Adagio_molto_allegro_con_brio_1_from_wav_-_cut_3_t___63.198771-_-87.823542_t___
Antonin_Dvorak/Dvok_Symphony_no_8_Op_88_I_Allegro_con_brio/Symphony_no_8_Op_88_I_Allegro_con_brio_-_cut_7_t___179.619653-_-210.313067_t___
Johannes_Brahms/Symphony_No_3_in_F_Major_Op_90_II_Andante/Brams_Symphony_No_3_in_F_Op_90_II_Andante_from_wav_-_cut_1_t___0.0-_-29.895708_t___
Frédéric_Chopin/Ballade_no_4_Op_52/Ballade_no__2__Frank_Levy_COMPRIMIDO_from_m4a_-_cut_10_t___273.960604-_-304.818479_t___
Frédéric_Chopin/N_1___3_Notturni_op_9/Nocturne_in_B_flat_minor__Op__9_no__1_-_cut_8_t___214.739312-_-241.105562_t___
Frédéric_Chopin/N_3___Etudes_Op_10/Etude_Op__10__no__3_in_E_major____Tristesse__from_m4a_-_cut_9_t___245.818208-_--1_t___
Johannes_Brahms/Symphony_No_4_in_E_Minor_Op_98_II_Andante_moderato/Symphony_No_4_in_E_Minor_Op_98_II_Andante_Moderato_from_m4a_-_cut_8_t___241.637708-_-271.347646_t___
Ludwig_van_Beethoven/Beethoven_9th_Symphony_Op_125_I_Allegro_Ma_Non_Troppo_un_Poco_Maestoso/IMSLP7_1_-_cut_8_t___212.219812-_-237.413479_t___
Johannes_Brahms/Symphony_no_2_in_D_major_Op_73_IV_Allegro_Con_Spirito/Symphony_No_2_in_D_Major_Op_73_IV_Allegro_Con_Spirito_from_m4a_-_cut_5_t___122.99625-_-150.418812_t___
Ludwig_van_Beethoven/Symphony_no_2_in_D_Major_Op_36_IV_Allegro_molto/Symphony_no_2_in_D_Major_Op_36_IV_Allegro_molto_from_wav_-_cut_10_t___269.375437-_-299.932896_t___
Pyotr_Ilyich_Tchaikovsky/Symphony_no_6_in_B_minor_Pathtique_Op_74_I_Adagio_Allegro_non_troppo_Andante/Symphony_No_6_In_B_Minor_Op_74_Pathetique_I_Adagio_Allegro_Non_Troppo_from_m4a_-_cut_10_t___361.153179-_-391.803179_t___
Wolfgang_Amadeus_Mozart/Fantasia_in_D_minor_K_397/Fantasia_in_Dm_K_397_Adagio_-_cut_9_t___242.955458-_-272.044125_t___
Frédéric_Chopin/Polonaise_No_2_in_C_Minor_Op_40/Polonaise_in_C_minor_Op_40_no_2_-_cut_16_t___457.078771-_-484.188062_t___
Frédéric_Chopin/Piano_Sonata_no_2_in_Bflat_minor_Funeral_March_op_35_MOV_4/Sonata_no_2_in_B_flat_minor_Funeral_march_IV_Finale_Presto_-_cut_2_t___31.435375-_-68.695375_t___
Johannes_Brahms/Symphony_No_3_in_F_Major_Op_90_I_Allegro_con_brio/Brams_Symphony_No_3_in_F_Op_90_I_Allegro_con_brio_from_wav_-_cut_14_t___394.356729-_-418.2965_t___
Frédéric_Chopin/Nocturnes_Op_37_N_2/Nocturne_Op__37_no__2_in_G_major_from_m4a_-_cut_8_t___217.530771-_-234.665437_t___
Frédéric_Chopin/Mazurkas_Op_17_N_4/Mazurka_in_A_minor__Op__17_no__4__2__-_cut_7_t___180.344833-_-214.265437_t___
Ludwig_van_Beethoven/Beethoven_9th_Symphony_Op_125_I_Allegro_Ma_Non_Troppo_un_Poco_Maestoso/IMSLP484062_PMLP01607_beethoven_9_01_concertgebouw_klemperer_1956_16048_-_cut_1_t___0.0-_-25.251708_t___
Frédéric_Chopin/Nocturnes_Op_48_N_1/Nocturne_in_C_minor__Op__48_no__1_-_cut_2_t___29.384854-_-61.782396_t___
Antonin_Dvorak/Dvok_Serenade_for_Wind_Instruments_Op_44_III_Andante_con_moto/Dvo_k_Serenade_for_Wind_in_D_minor_Op_44_3_Andante_con_moto_-_cut_8_t___217.539927-_-233.937803_t___
Frédéric_Chopin/Nocturne_in_Csharp_minor_Lento_con_gran_espressione_B_49_Op_posth/Nocturne_in_C_sharp_minor__Lento_con_gran_espressione___B__49__Op__posth___from_m4a_-_cut_2_t___28.653437-_-61.7535_t___
Frédéric_Chopin/Nocturnes_Op_48_N_1/Nocturne_in_C_minor__Op__48_no__1_from_m4a_-_cut_2_t___37.511833-_-68.998104_t___
Johann_Sebastian_Bach/Fugue_in_G_minor_Little_BWV_578/Fugue_in_G_Minor_The_Little_from_m4a_-_cut_9_t___213.079437-_--1_t___
Camille_Saint_Saens/Samson_and_Delilah_Op_47_Danse_Baccanale/Samson_and_Delilah_Op_47_Danse_Baccanale_-_cut_12_t___329.291995-_-358.911395_t___
Wolfgang_Amadeus_Mozart/Rondo_in_A_minor_K_511/Rondo_No_3_in_A_Minor_K_511_-_cut_12_t___366.70634-_-399.95634_t___
Antonin_Dvorak/Dvok_Symphony_no_7_Op_70_I_Allegro_maestoso/Symphony_no_7_Op_70_I_Allegro_maestoso_-_cut_12_t___331.879691-_-360.869647_t___
Frédéric_Chopin/Valsa_Minuto_2/Waltz_in_C_sharp_minor_Op_64_no_2_-_cut_6_t___147.83-_-178.364271_t___
Frédéric_Chopin/Funeral_March_in_C_minor_Op_posth_72_no_2/Funeral_March_in_C_minor__Op__posth__72_no__2_from_m4a_-_cut_12_t___328.489646-_--1_t___
Frédéric_Chopin/Polonaise_No_2_in_C_Minor_Op_40/Polonaise_in_C_minor_Op_40_no_2_-_cut_3_t___60.337042-_-90.000521_t___
Frédéric_Chopin/Valsa_Minuto_1/Waltz_in_D_flat_major_Minute_Op_64_no_1_1_-_cut_2_t___35.934896-_-64.691_t___
Wolfgang_Amadeus_Mozart/Piano_Sonata_no_17_in_BFlat_Major_K_570_2_Adagio/02_1_Allegro_2_Adagio_3_Allegretto_RECORTADO_-_cut_8_t___216.186707-_-240.876707_t___
Wolfgang_Amadeus_Mozart/Fantasia_in_D_minor_K_397/Fantasia_in_Dm_K_397_1_-_cut_3_t___60.214958-_-119.814958_t___
Frédéric_Chopin/Mazurkas_Op_56_N_1/Mazurka_in_B_major__Op__56_no__1_-_cut_9_t___244.030417-_--1_t___
Johannes_Brahms/Symphony_No_3_in_F_Major_Op_90_I_Allegro_con_brio/Brams_Symphony_No_3_in_F_Op_90_I_Allegro_con_brio_from_wav_-_cut_10_t___275.071833-_-302.587479_t___
Antonin_Dvorak/Dvok_Symphony_no_8_Op_88_I_Allegro_con_brio/Symphony_no_8_Op_88_I_Allegro_con_brio_-_cut_18_t___509.787196-_-540.154693_t___
Frédéric_Chopin/Piano_Sonata_no_2_in_Bflat_minor_Funeral_March_op_35_MOV_3/Sonata_no_2_in_B_flat_minor_Funeral_march_III_Marche_Funebre_Lento_-_cut_16_t___455.784458-_-485.053208_t___
Francisco_Tarrega/23_Variaciones_sobre_el_carnaval_de_Venecia_de_Paganini/23_Variaciones_sobre_el_carnaval_de_Venecia_de_Paganini_from_m4a_-_cut_12_t___331.142487-_-360.523987_t___
Frédéric_Chopin/Nocturnes_Op_37_N_2/Nocturne_Op__37_no__2_in_G_major_from_m4a_-_cut_4_t___88.328729-_-119.512729_t___
Johannes_Brahms/Symphony_No_1_in_C_minor_Op_68_IV_Adagio_Piu_andante_Allegro_non_troppo_ma_con_brio/SYMPHO_1_from_m4a_-_cut_29_t___906.926792-_-930.760021_t___
Wolfgang_Amadeus_Mozart/Piano_Sonata_no_3_K_281_3_Rondo_Allegro/Rondeau_Allegro_-_cut_5_t___114.222321-_-148.932321_t___
Frédéric_Chopin/Waltzes_Op_69_1/Waltz_in_A_flat_major_Farewell_Op_69_no_1_from_m4a_-_cut_1_t___0.0-_-28.061292_t___
Antonin_Dvorak/Dvok_Serenade_for_Wind_Instruments_Op_44_I_Moderato_quasi_Marcia/Dvo_k_Serenade_for_Wind_in_D_minor_Op_44_1_Moderato_quasi_marcia_-_cut_4_t___92.123553-_-121.922055_t___
Francisco_Tarrega/07_La_cartagenera/07_La_cartagenera_from_m4a_-_cut_6_t___150.934341-_-179.966957_t___
Frédéric_Chopin/N_3___Etudes_Op_10/Etude_Op__10__no__3_in_E_major____Tristesse__from_m4a_-_cut_6_t___178.4455-_-210.175562_t___
Ludwig_van_Beethoven/Sinfona_n_7_de_Beethoven_Op_92_4_Allegro_con_brio/Beethoven_Symphony_No_7_in_A_major_op_92_IV_Allegro_con_brio_-_cut_6_t___153.08825-_-186.350833_t___
Ludwig_van_Beethoven/Symphony_no_1_in_C_major_Op_21_I_Adagio_molto_allegro_con_brio/Symphony_No_1_in_C_major_Op_21_I_Adagio_molto_allegro_con_brio_1_from_wav_-_cut_1_t___0.0-_-26.104896_t___
Frédéric_Chopin/Nocturnes_Op_62_N_1/Nocturne_in_B_major__Op__62_no__1_EDIT_from_wav_-_cut_3_t___57.341667-_-93.413854_t___
Frédéric_Chopin/Ballade_no_4_Op_52/Ballade_no__2__Frank_Levy_COMPRIMIDO_from_m4a_-_cut_2_t___30.986604-_-59.461729_t___
Frédéric_Chopin/Piano_Sonata_no_2_in_Bflat_minor_Funeral_March_op_35_MOV_3/Sonata_no_2_in_B_flat_minor_Funeral_march_III_Marche_Funebre_Lento_-_cut_14_t___394.216771-_-423.891854_t___
Frédéric_Chopin/Piano_Sonata_no_2_in_Bflat_minor_Funeral_March_op_35_MOV_4/Sonata_no_2_in_B_flat_minor_Funeral_march_IV_Finale_Presto_1_-_cut_2_t___33.770562-_-66.966687_t___
Frédéric_Chopin/Piano_Concerto_no_2_in_F_minor_Op_21_Mov_3/Piano_Concerto_no__2_in_F_minor__Op__21___III__Allegro_vivace_from_ogg_-_cut_13_t___365.201917-_-392.841104_t___
Wolfgang_Amadeus_Mozart/Piano_Sonata_no_3_K_281_3_Rondo_Allegro/KV_281_Movement_03_Rondo_Allegro_-_cut_2_t___28.899995-_-66.610652_t___
Wolfgang_Amadeus_Mozart/Piano_Sonata_no_3_K_281_3_Rondo_Allegro/Rondeau_Allegro_-_cut_10_t___268.597401-_--1_t___
Wolfgang_Amadeus_Mozart/Piano_Sonata_no_14_K_457_II_Adagio/Piano_Sonata_no_14_K_457_II_Adagio_-_cut_1_t___0.0-_-30.342734_t___
Johannes_Brahms/Symphony_No_1_in_C_minor_Op_68_II_Andante_sostenuto/Symphony_No_1_in_C_Minor_Op_68_II_Andante_sostenuto_from_m4a_-_cut_4_t___93.460312-_-118.797625_t___
Ludwig_van_Beethoven/Beethoven_9th_Symphony_Op_125_I_Allegro_Ma_Non_Troppo_un_Poco_Maestoso/IMSLP7_1_-_cut_14_t___391.697417-_-416.345396_t___
Camille_Saint_Saens/Danse_Macabre_Op_40/Danse_macabre_Op_40_-_cut_10_t___273.800772-_-301.978995_t___
Frédéric_Chopin/Waltzes_Op_70_1/Waltz_in_G_flat_major_Op_70_no_1_1_-_cut_5_t___118.015396-_--1_t___
Frédéric_Chopin/Nocturnes_Op_15_N_3/Nocturne_in_G_minor__Op__15_no__3_from_m4a_-_cut_8_t___209.362604-_--1_t___
Frédéric_Chopin/Waltzes_Op_70_1/Waltz_in_G_flat_major_Op_70_no_1_1_-_cut_4_t___85.228812-_-118.015396_t___
Johannes_Brahms/Symphony_No_4_in_E_Minor_Op_98_II_Andante_moderato/Symphony_No_4_in_E_Minor_Op_98_II_Andante_Moderato_from_m4a_-_cut_11_t___336.769854-_-370.253021_t___
Ludwig_van_Beethoven/Symphony_no_1_in_C_major_Op_21_I_Adagio_molto_allegro_con_brio/Symphony_No_1_in_C_major_Op_21_I_Adagio_molto_allegro_con_brio_1_from_wav_-_cut_16_t___452.953333-_-483.220542_t___
Frédéric_Chopin/Nocturnes_Op_62_N_2/Nocturne_in_E_major__Op__62_no__2_from_m4a_-_cut_1_t___0.0-_-31.219229_t___
Frédéric_Chopin/Piano_Sonata_no_2_in_Bflat_minor_Funeral_March_op_35_MOV_2/Sonata_no_2_in_B_flat_minor_Funeral_march_II_Scherzo_1_-_cut_3_t___56.152-_-86.654604_t___
Ludwig_van_Beethoven/Beethoven_9th_Symphony_Op_125_I_Allegro_Ma_Non_Troppo_un_Poco_Maestoso/IMSLP484062_PMLP01607_beethoven_9_01_concertgebouw_klemperer_1956_16048_-_cut_20_t___571.152917-_-605.785458_t___
Frédéric_Chopin/Nocturne_in_Csharp_minor_Lento_con_gran_espressione_B_49_Op_posth/Nocturne_in_C_sharp_minor__Lento_con_gran_espressione___B__49__Op__posth___from_m4a_-_cut_8_t___211.33825-_-242.557479_t___
Wolfgang_Amadeus_Mozart/Requiem_Mozart_VII_Agnus_Dei_MozartSssmayr/IMSLP581269_PMLP02751_Mozart_Requiem_13_Karajan_1962_from_wav_-_cut_7_t___181.795174-_-211.715174_t___
Frédéric_Chopin/Nocturne_in_Csharp_minor_Lento_con_gran_espressione_B_49_Op_posth/Nocturne_in_C_sharp_minor__Lento_con_gran_espressione___B__49__Op__posth___-_cut_6_t___153.514792-_-185.049375_t___
Johannes_Brahms/Symphony_no_2_in_D_major_Op_73_IV_Allegro_Con_Spirito/Symphony_No_2_in_D_Major_Op_73_IV_Allegro_Con_Spirito_from_m4a_-_cut_14_t___380.376521-_-391.609187_t___
Frédéric_Chopin/Nocturnes_Op_62_N_1/Nocturne_in_B_major__Op__62_no__1_EDIT_from_wav_-_cut_4_t___93.413854-_-122.821917_t___
Johannes_Brahms/Symphony_No_3_in_F_Major_Op_90_II_Andante/Symphony_No_3_in_F_Major_Op_90_II_Andante_from_m4a_-_cut_14_t___389.540542-_-421.881708_t___
Johannes_Brahms/Symphony_No_3_in_F_Major_Op_90_I_Allegro_con_brio/Brams_Symphony_No_3_in_F_Op_90_I_Allegro_con_brio_from_wav_-_cut_21_t___595.670187-_-637.748729_t___
Johannes_Brahms/Symphony_No_3_in_F_Major_Op_90_II_Andante/Brahms_Symphony_No_3_in_F_major_Op_90_II_Audante_from_wav_-_cut_14_t___396.791187-_-417.747187_t___
Johannes_Brahms/Symphony_No_1_in_C_minor_Op_68_III_Un_poco_allegretto_e_grazioso/Symphony_No_1_in_C_Minor_Op_68_III_Un_poco_allegretto_e_grazioso_from_m4a_-_cut_2_t___35.878833-_-56.289167_t___
Frédéric_Chopin/Polonaise_No_2_in_C_Minor_Op_40/Polonaise_in_C_minor_Op_40_no_2_-_cut_2_t___34.411979-_-60.337042_t___
Johannes_Brahms/Symphony_no_2_in_D_major_Op_73_III_Allegretto_Grazioso/Symphony_No_2_in_D_Major_Op_73_III_Allegretto_Grazioso_take_1_from_m4a_-_cut_5_t___123.822875-_-153.581812_t___
Ludwig_van_Beethoven/Symphony_no_1_in_C_major_Op_21_II_Andante_cantabile_con_moto/Symphony_No_1_in_C_major_Op_21_II_Andante_cantabile_con_moto_1_from_wav_-_cut_8_t___210.924-_-237.058062_t___
Ludwig_van_Beethoven/Symphony_no_1_in_C_major_Op_21_I_Adagio_molto_allegro_con_brio/Symphony_No_1_in_C_major_Op_21_I_Adagio_molto_allegro_con_brio_1_from_wav_-_cut_11_t___303.316521-_-333.618583_t___
Francisco_Tarrega/07_La_cartagenera/07_La_cartagenera_from_m4a_-_cut_8_t___210.493179-_-240.831543_t___
Johannes_Brahms/Symphony_no_2_in_D_major_Op_73_IV_Allegro_Con_Spirito/Symphony_No_2_in_D_Major_Op_73_IV_Allegro_Con_Spirito_from_m4a_-_cut_20_t___536.590062-_-574.978687_t___
Frédéric_Chopin/Mazurkas_Op_24_N_2/Mazurka_in_C_major__Op__24_no__2__1__EDIT_from_wav_-_cut_3_t___56.400667-_-88.92825_t___
Pyotr_Ilyich_Tchaikovsky/Romeo_and_Juliet_OvertureFantasia/Romeo_and_Juliet_Overture_Fantasia_-_cut_2_t___30.759981-_-74.05824_t___
Johannes_Brahms/Symphony_No_3_in_F_Major_Op_90_III_Poco_allegretto/Brahms_Symphony_No_3_in_F_major_Op_90_III_Poco_allegreto_from_wav_-_cut_5_t___121.97475-_-152.822458_t___
Johannes_Brahms/Symphony_no_2_in_D_major_Op_73_IV_Allegro_Con_Spirito/Symphony_No_2_in_D_Major_Op_73_IV_Allegro_Con_Spirito_from_m4a_-_cut_21_t___574.978687-_--1_t___
Johannes_Brahms/Symphony_No_3_in_F_Major_Op_90_I_Allegro_con_brio/Brams_Symphony_No_3_in_F_Op_90_I_Allegro_con_brio_from_wav_-_cut_5_t___119.858125-_-145.23425_t___
Wolfgang_Amadeus_Mozart/Piano_Sonata_no_3_K_281_3_Rondo_Allegro/KV_281_Movement_03_Rondo_Allegro_-_cut_3_t___66.610652-_-91.759691_t___
Frédéric_Chopin/Mazurkas_Op_17_N_4/Mazurka_in_A_minor__Op__17_no__4_EDIT_from_wav_-_cut_5_t___123.581271-_-149.39025_t___
Frédéric_Chopin/Mazurkas_Op_7_N_2/Mazurka_in_A_minor__Op__7_no__2_-_cut_4_t___61.233708-_-93.479104_t___
Frédéric_Chopin/Mazurkas_Op_7_N_1/Mazurka_in_B_flat_major__Op__7_no__1_-_cut_1_t___0.0-_-31.514229_t___
Frédéric_Chopin/Nocturnes_Op_37_N_2/Nocturne_Op__37_no__2_in_G_major_from_m4a_-_cut_5_t___119.512729-_-152.55475_t___
Pyotr_Ilyich_Tchaikovsky/Romeo_and_Juliet_OvertureFantasia/Romeo_and_Juliet_Overture_Fantasia_-_cut_25_t___910.501764-_-929.441455_t___
Frédéric_Chopin/Waltzes_Op_34_2/Waltz_in_A_minor_Op_34_no_2_from_m4a_-_cut_3_t___55.693062-_-88.073271_t___
Johannes_Brahms/Symphony_no_2_in_D_major_Op_73_II_Adagio_non_toppo/Symphony_No_2_in_D_Major_Op_73_II_Adagio_non_toppo_from_m4a_-_cut_15_t___445.524083-_-480.922896_t___
Frédéric_Chopin/Polonaise_No_2_in_C_Minor_Op_40/Polonaise_in_C_minor_Op_40_no_2_-_cut_4_t___90.000521-_-117.620625_t___
Ludwig_van_Beethoven/Sinfona_n_7_de_Beethoven_Op_92_4_Allegro_con_brio/Beethoven_Symphony_No_7_in_A_major_op_92_IV_Allegro_con_brio_-_cut_8_t___215.402896-_-271.053458_t___
Johannes_Brahms/Symphony_no_2_in_D_major_Op_73_IV_Allegro_Con_Spirito/Symphony_No_2_in_D_Major_Op_73_IV_Allegro_Con_Spirito_from_m4a_-_cut_4_t___99.114542-_-122.99625_t___
Wolfgang_Amadeus_Mozart/Fantasia_in_D_minor_K_397/Fantasia_in_Dm_K_397_5_-_cut_3_t___61.103354-_-92.573354_t___
Johannes_Brahms/Symphony_No_1_in_C_minor_Op_68_IV_Adagio_Piu_andante_Allegro_non_troppo_ma_con_brio/SYMPHO_1_from_m4a_-_cut_18_t___541.560771-_-568.194062_t___
Frédéric_Chopin/Preludes_Op_28_6/Preludes_Op_28_No_6_Tolling_bells_-_cut_5_t___123.019312-_--1_t___
Pyotr_Ilyich_Tchaikovsky/Symphony_no_6_in_B_minor_Pathtique_Op_74_IV_Finale_Adagio_lamentoso_Andante/Symphony_No_6_in_B_minor_Op_74_Pathetique_IV_Finale_Adagio_lamentoso_from_m4a_-_cut_14_t___390.896884-_-420.516884_t___
Johannes_Brahms/Symphony_No_1_in_C_minor_Op_68_IV_Adagio_Piu_andante_Allegro_non_troppo_ma_con_brio/SYMPHO_1_from_m4a_-_cut_11_t___330.851271-_-362.658521_t___
Frédéric_Chopin/Waltzes_Op_69_1/Waltz_in_A_flat_major_Farewell_Op_69_no_1_-_cut_1_t___0.0-_-28.465667_t___
Frédéric_Chopin/Nocturnes_Op_48_N_2/Nocturne_in_F_sharp_minor__Op__48_no__2_from_m4a_-_cut_3_t___61.711542-_-93.534521_t___
Frédéric_Chopin/Nocturnes_Op_48_N_2/Nocturne_in_F_sharp_minor__Op__48_no__2_-_cut_13_t___365.887417-_--1_t___
Antonin_Dvorak/Dvok_Symphony_no_8_Op_88_I_Allegro_con_brio/Symphony_no_8_Op_88_I_Allegro_con_brio_-_cut_3_t___61.445663-_-91.420414_t___
Frédéric_Chopin/Mazurkas_Op_7_N_2/Mazurka_in_A_minor__Op__7_no__2_EDIT_from_wav_-_cut_1_t___0.0-_-178.087854_t___
Frédéric_Chopin/Nocturnes_Op_27_N_1/Nocturne_in_C_sharp_minor__Op__27_no__1_from_m4a_-_cut_2_t___30.627104-_-62.751917_t___
Antonin_Dvorak/Dvok_Serenade_for_Wind_Instruments_Op_44_I_Moderato_quasi_Marcia/Dvo_k_Serenade_for_Wind_in_D_minor_Op_44_1_Moderato_quasi_marcia_-_cut_2_t___29.372275-_-52.204181_t___
Pyotr_Ilyich_Tchaikovsky/Symphony_no_6_in_B_minor_Pathtique_Op_74_IV_Finale_Adagio_lamentoso_Andante/Symphony_No_6_in_B_minor_Op_74_Pathetique_IV_Finale_Adagio_lamentoso_from_m4a_-_cut_5_t___121.206897-_-160.436897_t___
Ludwig_van_Beethoven/Symphony_no_2_in_D_Major_Op_36_IV_Allegro_molto/Symphony_no_2_in_D_Major_Op_36_IV_Allegro_molto_from_wav_-_cut_4_t___91.1525-_-114.608792_t___
Ludwig_van_Beethoven/Beethoven_9th_Symphony_Op_125_I_Allegro_Ma_Non_Troppo_un_Poco_Maestoso/IMSLP484062_PMLP01607_beethoven_9_01_concertgebouw_klemperer_1956_16048_-_cut_4_t___92.287729-_-121.957458_t___
Johannes_Brahms/Symphony_No_4_in_E_Minor_Op_98_II_Andante_moderato/Symphony_No_4_in_E_Minor_Op_98_II_Andante_Moderato_from_m4a_-_cut_17_t___514.548604-_-539.138542_t___
Frédéric_Chopin/Variations_on_La_Ci_Darem_la_Mano_Op_2/X2Download_app_Chopin_Variations_on_L_ci_darem_la_mano_op_2_128_kbps_-_cut_5_t___124.804854-_-148.709792_t___
Ludwig_van_Beethoven/Sinfona_n_7_de_Beethoven_Op_92_4_Allegro_con_brio/Beethoven_Symphony_No_7_in_A_major_op_92_IV_Allegro_con_brio_-_cut_5_t___123.772958-_-153.08825_t___
Wolfgang_Amadeus_Mozart/Rondo_in_A_minor_K_511/Rondo_No_3_in_A_Minor_K_511_-_cut_4_t___95.864467-_-125.34_t___
Antonin_Dvorak/Dvok_Serenade_for_Wind_Instruments_Op_44_II_Minuetto/Dvo_k_Serenade_for_Wind_in_D_minor_Op_44_2_Minuetto_Tempo_di_minuetto_-_cut_4_t___88.85314-_-117.489895_t___
Ludwig_van_Beethoven/Sinfona_n_7_de_Beethoven_Op_92_2_Allegretto/L_V_Beethoven_Sinfon_a_No_7_en_La_Mayor_Op_92_Mov_2_Allegretto_-_cut_8_t___213.409396-_-239.938208_t___
Ludwig_van_Beethoven/Sinfona_n_7_de_Beethoven_Op_92_1_Poco_sostenuto_vivace/L_V_Beethoven_Sinfon_a_No_7_en_La_Mayor_Op_92_Mov_1_Poco_sostenuto_Vivace_-_cut_16_t___359.414437-_-513.742042_t___
Frédéric_Chopin/Ballade_no_4_Op_52/Ballade_no__2__Frank_Levy_COMPRIMIDO_from_m4a_-_cut_14_t___390.907125-_-425.266833_t___
Ludwig_van_Beethoven/Symphony_no_1_in_C_major_Op_21_III_Minuetto_and_trio/Symphony_no_1_in_C_Op_21_III_Menuetto_Allegro_molto_e_vivace_1_-_cut_5_t___90.918021-_-152.844854_t___
Frédéric_Chopin/Mazurkas_Op_56_N_3/Mazurka_in_C_minor__Op__56_no__3_from_m4a_-_cut_10_t___332.397937-_-365.717187_t___
Johannes_Brahms/Symphony_No_3_in_F_Major_Op_90_II_Andante/Brams_Symphony_No_3_in_F_Op_90_II_Andante_from_wav_-_cut_14_t___393.529812-_--1_t___
Johannes_Brahms/Symphony_No_3_in_F_Major_Op_90_II_Andante/Brahms_Symphony_No_3_in_F_major_Op_90_II_Audante_from_wav_-_cut_1_t___0.0-_-27.133458_t___
Frédéric_Chopin/N_3___Etudes_Op_10/Etude_Op__10__no__3_in_E_major____Tristesse__from_m4a_-_cut_1_t___0.0-_-33.996083_t___
Frédéric_Chopin/Polonaise_in_Fsharp_minor_Op_44/Polonaise_in_F_sharp_minor_Op_44_EDIT_from_wav_-_cut_16_t___453.037937-_-481.432896_t___
Ludwig_van_Beethoven/Beethoven_9th_Symphony_Op_125_I_Allegro_Ma_Non_Troppo_un_Poco_Maestoso/IMSLP484062_PMLP01607_beethoven_9_01_concertgebouw_klemperer_1956_16048_-_cut_21_t___605.785458-_-634.833625_t___
Johannes_Brahms/Symphony_No_3_in_F_Major_Op_90_I_Allegro_con_brio/Brahms_Symphony_No_3_in_F_major_Op_90_I_Allegro_con_brio_from_wav_-_cut_11_t___301.545729-_-328.37175_t___
Wolfgang_Amadeus_Mozart/Fantasia_in_D_minor_K_397/Fantasia_in_Dm_K_397_Adagio_-_cut_2_t___33.21-_-66.67_t___
Wolfgang_Amadeus_Mozart/Piano_Sonata_no_17_in_BFlat_Major_K_570_2_Adagio/02_1_Allegro_2_Adagio_3_Allegretto_RECORTADO_-_cut_5_t___123.376707-_-151.586707_t___
Frédéric_Chopin/Nocturnes_Op_27_N_1/Nocturne_in_C_sharp_minor__Op__27_no__1_from_m4a_-_cut_5_t___124.619604-_-151.310937_t___
Johannes_Brahms/Symphony_No_3_in_F_Major_Op_90_I_Allegro_con_brio/Brahms_Symphony_No_3_in_F_major_Op_90_I_Allegro_con_brio_from_wav_-_cut_2_t___31.518521-_-63.434375_t___
Antonin_Dvorak/Dvok_Serenade_for_Wind_Instruments_Op_44_II_Minuetto/Dvo_k_Serenade_for_Wind_in_D_minor_Op_44_2_Minuetto_Tempo_di_minuetto_-_cut_10_t___271.548202-_-298.23961_t___
Wolfgang_Amadeus_Mozart/Fantasia_in_D_minor_K_397/Fantasia_in_Dm_K_397_Adagio_-_cut_3_t___66.67-_-98.083354_t___
Ludwig_van_Beethoven/Beethoven_9th_Symphony_Op_125_II_Scherzo_Molto_Vivace_Presto/Beethoven_Symphony_No_9_II_Scherzo_Molto_Vivace_Presto_from_wav_-_cut_5_t___117.299208-_-150.237104_t___
Johannes_Brahms/Symphony_No_1_in_C_minor_Op_68_IV_Adagio_Piu_andante_Allegro_non_troppo_ma_con_brio/SYMPHO_1_from_m4a_-_cut_32_t___995.996521-_--1_t___
Johannes_Brahms/Symphony_No_4_in_E_Minor_Op_98_III_Allegro_giocoso/Symphony_No_4_in_E_Minor_Op_98_III_Allegro_Giocoso_from_m4a_-_cut_11_t___299.602854-_-335.686646_t___
Frédéric_Chopin/Piano_Sonata_no_2_in_Bflat_minor_Funeral_March_op_35_MOV_2/Sonata_no_2_in_B_flat_minor_Funeral_march_II_Scherzo_-_cut_8_t___215.002771-_-242.012062_t___
Ludwig_van_Beethoven/Sinfona_n_7_de_Beethoven_Op_92_1_Poco_sostenuto_vivace/L_V_Beethoven_Sinfon_a_No_7_en_La_Mayor_Op_92_Mov_1_Poco_sostenuto_Vivace_-_cut_19_t___544.229854-_-574.543521_t___
Frédéric_Chopin/Impromptu_no_3_in_Gflat_major_Op_51/Impromptu_no__3_in_G_flat_major__Op__51__1__from_m4a_-_cut_4_t___90.189146-_-121.663812_t___
Frédéric_Chopin/Mazurkas_Op_24_N_2/Mazurka_in_C_major__Op__24_no__2__1__-_cut_2_t___27.638271-_-60.00975_t___
Ludwig_van_Beethoven/Sinfona_n_7_de_Beethoven_Op_92_1_Poco_sostenuto_vivace/L_V_Beethoven_Sinfon_a_No_7_en_La_Mayor_Op_92_Mov_1_Poco_sostenuto_Vivace_-_cut_26_t___751.8555-_-782.494875_t___
Ludwig_van_Beethoven/Sinfona_n_7_de_Beethoven_Op_92_4_Allegro_con_brio/Beethoven_Symphony_No_7_in_A_major_op_92_IV_Allegro_con_brio_-_cut_10_t___304.8385-_-335.395958_t___
Frédéric_Chopin/Preludes_Op_28_21/Preludes_Op_28_No_21_Sunday_from_m4a_-_cut_3_t___60.441542-_-92.334167_t___
Ludwig_van_Beethoven/Sinfona_n_7_de_Beethoven_Op_92_1_Poco_sostenuto_vivace/L_V_Beethoven_Sinfon_a_No_7_en_La_Mayor_Op_92_Mov_1_Poco_sostenuto_Vivace_-_cut_5_t___124.559458-_-156.138604_t___
Johannes_Brahms/Symphony_No_1_in_C_minor_Op_68_IV_Adagio_Piu_andante_Allegro_non_troppo_ma_con_brio/SYMPHO_1_from_m4a_-_cut_16_t___486.907146-_-511.688312_t___
Ludwig_van_Beethoven/Beethoven_Symphony_no_1_in_C_major_Op_21_II_Andante_cantabile_con_moto/Symphony_No_1_in_C_major_Op_21_II_Andante_cantabile_con_moto_from_wav_-_cut_1_t___0.0-_-29.453062_t___
Ludwig_van_Beethoven/Beethoven_9th_Symphony_Op_125_I_Allegro_Ma_Non_Troppo_un_Poco_Maestoso/IMSLP7_1_-_cut_12_t___323.240562-_-356.996125_t___
Frédéric_Chopin/Waltzes_Op_69_2/Waltz_in_B_minor_Op_69_no_2_-_cut_1_t___0.0-_-31.184396_t___
Ludwig_van_Beethoven/Sinfona_n_7_de_Beethoven_Op_92_4_Allegro_con_brio/Beethoven_Symphony_No_7_in_A_major_op_92_IV_Allegro_con_brio_-_cut_9_t___271.053458-_-304.8385_t___
Ludwig_van_Beethoven/Beethoven_Symphony_no_1_in_C_major_Op_21_IV_Adagio_Allegro_molto_e_vivace/Symphony_No_1_in_C_major_Op_21_IV_Adagio_Allegro_molto_e_vivace_from_wav_-_cut_5_t___120.74375-_-151.503521_t___
Frédéric_Chopin/N_7___Etudes_Op_25/Etude_Op__25_no__7_in_C_sharp_minor___Cello___1__from_wav_-_cut_11_t___309.959708-_-339.2275_t___
Ludwig_van_Beethoven/Coriolan_Overture_Op_62/Coriolan_Overture_Op_62_from_m4a_-_cut_11_t___302.407708-_-328.904854_t___
Frédéric_Chopin/Mazurkas_Op_24_N_2/Mazurka_in_C_major__Op__24_no__2__1__-_cut_4_t___88.538708-_-117.808833_t___
Frédéric_Chopin/Preludes_Op_20/Preludes_Op_28_No_20_Funeral_march_1_-_cut_3_t___65.21325-_--1_t___
Ludwig_van_Beethoven/Sinfona_n_7_de_Beethoven_Op_92_3_Presto/Beethoven_Symphony_No_7_in_A_major_op_92_III_Presto_-_cut_6_t___87.684104-_-150.536667_t___
Frédéric_Chopin/Polonaise_No_2_in_C_Minor_Op_40/Polonaise_in_C_minor_Op_40_no_2_-_cut_6_t___154.633458-_-183.228812_t___
Frédéric_Chopin/Nocturnes_Op_62_N_2/Nocturne_in_E_major__Op__62_no__2_-_cut_2_t___36.641083-_-65.166812_t___
Frédéric_Chopin/Mazurkas_Op_17_N_4/Mazurka_in_A_minor__Op__17_no__4_-_cut_6_t___155.318292-_-179.246458_t___
Ludwig_van_Beethoven/Beethoven_Symphony_no_1_in_C_major_Op_21_I_Adagio_molto_allegro_con_brio/Symphony_no_1_in_C_Op_21_I_Adagio_molto_Allegro_con_brio_-_cut_12_t___327.267062-_-357.104708_t___
Ludwig_van_Beethoven/Beethoven_9th_Symphony_Op_125_I_Allegro_Ma_Non_Troppo_un_Poco_Maestoso/IMSLP7_1_-_cut_24_t___686.112687-_-720.991375_t___
Frédéric_Chopin/Polonaise_in_Fsharp_minor_Op_44/Polonaise_in_F_sharp_minor_Op_44_EDIT_from_wav_-_cut_15_t___426.810979-_-453.037937_t___
Frédéric_Chopin/Nocturnes_Op_48_N_2/Nocturne_in_F_sharp_minor__Op__48_no__2_-_cut_3_t___54.729437-_-92.334146_t___
Ludwig_van_Beethoven/Coriolan_Overture_Op_62/Coriolan_Overture_Op_62_from_m4a_-_cut_16_t___451.390104-_-475.469208_t___
Frédéric_Chopin/Preludes_Op_20/Preludes_Op_28_No_20_Funeral_march_-_cut_2_t___37.301417-_-62.971083_t___
Johannes_Brahms/Symphony_No_1_in_C_minor_Op_68_IV_Adagio_Piu_andante_Allegro_non_troppo_ma_con_brio/SYMPHO_1_from_m4a_-_cut_25_t___780.352042-_-813.266333_t___
Frédéric_Chopin/Mazurkas_Op_56_N_2/Mazurka_in_C_major__Op__56_no__2_-_cut_4_t___94.613958-_--1_t___
Wolfgang_Amadeus_Mozart/Piano_Sonata_no_3_K_281_3_Rondo_Allegro/Rondeau_Allegro_-_cut_3_t___63.792321-_-91.932321_t___
Antonin_Dvorak/Dvok_Symphony_no_7_Op_70_I_Allegro_maestoso/Symphony_no_7_Op_70_I_Allegro_maestoso_-_cut_9_t___239.348263-_-269.623928_t___
Frédéric_Chopin/Piano_Sonata_no_2_in_Bflat_minor_Funeral_March_op_35_MOV_3/Sonata_no_2_in_B_flat_minor_Funeral_march_III_Marche_Funebre_Lento_OTRA_-_cut_3_t___59.663687-_-92.251208_t___
Johannes_Brahms/Symphony_No_1_in_C_minor_Op_68_I_Un_poco_sostenuto_Allegro/Symphony_No_1_in_C_Minor_Op_68_I_Un_poco_sostenuto_Allegro_from_m4a_-_cut_23_t___615.247146-_-641.629854_t___
Frédéric_Chopin/Waltzes_Op_34_2/Waltz_in_A_minor_Op_34_no_2_from_m4a_-_cut_7_t___180.720875-_-217.466437_t___
Johannes_Brahms/Symphony_No_3_in_F_Major_Op_90_II_Andante/Brams_Symphony_No_3_in_F_Op_90_II_Andante_from_wav_-_cut_4_t___88.920854-_-118.491458_t___
Ludwig_van_Beethoven/Beethoven_9th_Symphony_Op_125_II_Scherzo_Molto_Vivace_Presto/Beethoven_Symphony_No_9_II_Scherzo_Molto_Vivace_Presto_from_wav_-_cut_12_t___297.708833-_-359.578354_t___
Johannes_Brahms/Symphony_no_2_in_D_major_Op_73_I_Allegro_non_troppo/Symphony_No_2_in_D_Major_Op_73_I_Allegro_non_troppo_from_m4a_-_cut_11_t___300.625792-_-325.193083_t___
Pyotr_Ilyich_Tchaikovsky/Symphony_no_6_in_B_minor_Pathtique_Op_74_I_Adagio_Allegro_non_troppo_Andante/Symphony_No_6_In_B_Minor_Op_74_Pathetique_I_Adagio_Allegro_Non_Troppo_from_m4a_-_cut_8_t___250.413197-_-302.123197_t___
Ludwig_van_Beethoven/Symphony_no_1_in_C_major_Op_21_III_Minuetto_and_trio/Symphony_No_1_in_C_major_Op_21_III_Minuetto_and_trio_1_from_wav_-_cut_5_t___122.800104-_-147.494521_t___
Antonin_Dvorak/Dvok_Serenade_for_Wind_Instruments_Op_44_II_Minuetto/Dvo_k_Serenade_for_Wind_in_D_minor_Op_44_2_Minuetto_Tempo_di_minuetto_-_cut_9_t___239.72533-_-271.548202_t___
Ludwig_van_Beethoven/Beethoven_9th_Symphony_Op_125_III_Adagio_Molto_e_Cantabile/Beethoven_Symphony_No_9_in_D_minor_Op_125_III_Adagio_Molto_e_Cantabile_from_wav_-_cut_8_t___215.739917-_-245.484687_t___
Ludwig_van_Beethoven/Sinfona_n_7_de_Beethoven_Op_92_3_Presto/Beethoven_Symphony_No_7_in_A_major_op_92_III_Presto_-_cut_14_t___355.955979-_-391.358687_t___
Wolfgang_Amadeus_Mozart/Rondo_in_A_minor_K_511/Rondo_No_3_in_A_Minor_K_511_-_cut_6_t___150.561804-_-183.744072_t___
Johannes_Brahms/Symphony_No_1_in_C_minor_Op_68_IV_Adagio_Piu_andante_Allegro_non_troppo_ma_con_brio/SYMPHO_1_from_m4a_-_cut_6_t___181.233458-_-205.173229_t___
Wolfgang_Amadeus_Mozart/Piano_Sonata_no_17_in_BFlat_Major_K_570_2_Adagio/02_1_Allegro_2_Adagio_3_Allegretto_RECORTADO_-_cut_9_t___240.876707-_-273.076707_t___
Antonin_Dvorak/Dvok_Serenade_for_Wind_Instruments_Op_44_II_Minuetto/Dvo_k_Serenade_for_Wind_in_D_minor_Op_44_2_Minuetto_Tempo_di_minuetto_-_cut_8_t___209.655493-_-239.72533_t___
Frédéric_Chopin/Mazurkas_Op_56_N_3/Mazurka_in_C_minor__Op__56_no__3_-_cut_2_t___29.210708-_-57.341687_t___
Wolfgang_Amadeus_Mozart/Piano_Sonata_no_3_K_281_3_Rondo_Allegro/KV_281_Movement_03_Rondo_Allegro_-_cut_9_t___242.189904-_-250.040281_t___
Frédéric_Chopin/Valsa_Minuto_2/Waltz_in_C_sharp_minor_Op_64_no_2_from_m4a_-_cut_4_t___90.581042-_-116.748271_t___
Johannes_Brahms/Symphony_No_1_in_C_minor_Op_68_III_Un_poco_allegretto_e_grazioso/Symphony_No_1_in_C_Minor_Op_68_III_Un_poco_allegretto_e_grazioso_from_m4a_-_cut_5_t___119.226854-_-151.874125_t___
Ludwig_van_Beethoven/Beethoven_9th_Symphony_Op_125_I_Allegro_Ma_Non_Troppo_un_Poco_Maestoso/IMSLP7_1_-_cut_22_t___631.218458-_-662.251937_t___
Johannes_Brahms/Symphony_No_1_in_C_minor_Op_68_I_Un_poco_sostenuto_Allegro/Symphony_No_1_in_C_Minor_Op_68_I_Un_poco_sostenuto_Allegro_from_m4a_-_cut_5_t___121.091729-_-152.185687_t___
